District Name,School Name,Lat,Long,Total Students,Total SWD,e1,e2,e3,e4,e5,m1,m2,m3,m4,m5,s1,s2,s3,s4,s5,sc1,sc2,sc3,sc4,sc5
BAY,BAY HAVEN CHARTER ACADEMY,30.21328,-85.62665,768,87,6,10,8,8,3,5,5,11,9,5,8,6,10,10,4,5,9,10,7,7
BAY,BAY HAVEN CHARTER MIDDLE SCHOOL,30.21328,-85.62665,464,25,8,1,2,2,0,2,5,4,2,0,9,5,4,0,1,7,4,5,2,1
BAY,NORTH BAY HAVEN CAREER ACADEMY,30.23513,-85.59588,847,44,13,7,5,4,0,3,2,5,3,3,8,6,9,2,0,2,0,10,6,2
BAY,NORTH BAY HAVEN CHARTER ACADEMY ELEMENTARY SCHOOL,30.23513,-85.59588,696,81,10,17,7,6,2,7,9,13,10,3,9,14,7,7,0,10,9,8,7,3
BAY,NORTH BAY HAVEN CHARTER ACADEMY MIDDLE SCHOOL,30.23513,-85.59588,524,52,24,13,6,2,1,9,21,11,4,1,16,12,11,0,0,13,9,13,4,0
BAY,PALM BAY ELEMENTARY SCHOOL,30.16958,-85.67481,375,42,4,10,2,0,0,8,2,4,2,1,5,6,3,1,0,6,2,5,1,1
BAY,PALM BAY PREPARATORY ACADEMY 6-12,30.19223,-85.69793,355,62,27,10,9,0,0,30,12,3,0,0,20,13,5,2,0,21,9,4,1,0
BAY,UNIVERSITY ACADEMY SABL INC,30.20733,-85.68301,652,71,2,13,5,8,2,0,8,6,11,5,3,9,9,11,0,3,7,11,8,3
BREVARD,EMMA JEWEL CHARTER ACADEMY,28.35104,-80.73946,357,66,28,11,3,3,0,24,12,5,3,1,28,12,6,5,0,26,10,9,4,1
BREVARD,IMAGINE SCHOOLS AT WEST MELBOURNE,28.04152,-80.65129,438,61,23,2,5,0,0,19,6,4,1,0,13,10,6,3,0,17,7,5,3,1
BREVARD,ODYSSEY CHARTER SCHOOL,27.95404,-80.65795,1447,176,50,27,19,9,0,39,27,20,14,2,32,36,16,9,1,34,19,25,12,3
BREVARD,ODYSSEY PREPARATORY CHARTER ACADEMY,27.94975,-80.63175,405,63,9,8,9,4,0,10,7,9,5,0,12,15,14,2,0,16,9,9,7,2
BREVARD,PALM BAY ACADEMY CHARTER SCHOOL,28.03466,-80.61072,561,93,31,11,9,1,0,37,11,3,2,0,30,19,6,3,0,31,17,5,4,1
BREVARD,PINEAPPLE COVE CLASSICAL ACADEMY,28.00579,-80.67216,602,70,12,12,11,3,1,8,14,11,5,1,10,16,6,4,0,8,11,12,4,1
BREVARD,ROYAL PALM CHARTER SCHOOL,27.96747,-80.62430,335,48,11,8,4,6,0,11,8,7,3,0,14,10,8,1,0,14,9,8,2,0
BREVARD,SCULPTOR CHARTER SCHOOL,28.51934,-80.81522,553,83,10,10,14,17,1,10,18,12,11,1,7,14,16,8,2,8,12,19,6,1
BREVARD,VIERA CHARTER SCHOOL,28.24985,-80.74065,1054,82,10,13,10,0,3,11,9,7,3,5,14,13,18,1,0,16,12,7,8,3
BROWARD,AVANT GARDE ACADEMY K-8 BROWARD,26.02524,-80.14831,1201,65,40,22,8,6,0,36,22,11,7,0,21,10,6,4,1,22,8,6,6,0
BROWARD,BEN GAMLA CHARTER SCHOOL,26.01000,-80.15991,526,48,6,15,5,7,2,6,11,9,8,2,9,9,9,8,1,5,10,11,7,3
BROWARD,BEN GAMLA CHARTER SCHOOL SOUTH BROWARD,26.13606,-80.23598,337,25,5,4,4,4,1,4,3,7,3,1,7,4,2,2,0,4,3,4,4,0
BROWARD,BRIDGEPREP ACADEMY BROWARD COUNTY,26.19997,-80.25040,317,17,6,3,0,2,0,7,2,1,1,0,3,4,3,1,0,7,3,1,0,0
BROWARD,BRIDGEPREP ACADEMY OF HOLLYWOOD HILLS,26.02291,-80.19003,307,16,7,7,0,0,0,8,4,2,0,0,5,8,0,1,0,7,2,3,2,0
BROWARD,BROWARD MATH AND SCIENCE SCHOOLS,26.26922,-80.20530,320,17,8,4,1,0,0,5,3,1,3,1,3,6,1,0,0,5,5,0,0,0
BROWARD,CENTRAL CHARTER SCHOOL,26.18021,-80.20362,1147,67,29,12,6,1,1,35,7,5,1,0,25,13,6,3,1,36,6,3,2,1
BROWARD,CHAMPIONSHIP ACADEMY OF DISTINCTION AT DAVIE,26.04073,-80.24821,559,27,9,6,3,1,0,6,4,9,0,0,12,7,4,0,1,15,5,3,1,0
BROWARD,CHAMPIONSHIP ACADEMY OF DISTINCTION OF WEST BROWARD,26.00044,-80.18973,309,23,10,1,0,0,0,11,0,0,0,0,12,7,1,0,0,16,2,1,0,0
BROWARD,CHARTER SCHOOL OF EXCELLENCE,26.10691,-80.14035,303,28,0,3,4,0,1,1,3,6,1,0,4,7,3,0,0,5,3,4,1,0
BROWARD,CITY/PEMBROKE PINES CHARTER HIGH SCHOOL,26.03141,-80.37321,2113,167,28,32,18,15,12,30,19,22,10,13,24,33,21,18,11,18,18,25,13,11
BROWARD,CITY/PEMBROKE PINES CHARTER MIDDLE SCHOOL,25.99402,-80.39356,1332,112,28,24,26,14,10,22,21,33,13,12,22,39,26,15,9,28,27,24,21,8
BROWARD,CORAL SPRINGS CHARTER SCHOOL,26.27084,-80.24844,1664,199,53,45,37,15,3,54,42,44,14,3,41,58,33,16,2,50,39,39,16,2
BROWARD,EAGLES NEST CHARTER ACADEMY,26.14448,-80.19588,381,20,7,2,0,1,0,8,1,0,0,1,8,7,0,1,0,9,4,2,1,0
BROWARD,FRANKLIN ACADEMY COOPER CITY,26.03993,-80.31296,1336,82,27,14,10,9,2,21,16,15,8,2,17,20,13,9,3,14,23,14,6,3
BROWARD,FRANKLIN ACADEMY F,26.05557,-80.42700,691,57,28,19,9,3,1,33,10,13,3,1,24,18,4,5,3,24,13,11,5,2
BROWARD,FRANKLIN ACADEMY PEMBROKE PINES,26.00634,-80.39929,1392,62,14,18,9,7,1,18,8,12,10,1,19,14,12,5,1,21,9,8,9,4
BROWARD,FRANKLIN ACADEMY PEMBROKE PINES HIGH SCHOOL,26.05557,-80.42700,799,66,18,11,7,4,0,27,2,9,4,0,16,15,11,5,0,22,7,8,1,2
BROWARD,FRANKLIN ACADEMY SUNRISE,26.18049,-80.28734,1374,121,26,28,23,8,5,29,22,24,15,0,23,32,19,13,2,17,28,23,15,3
BROWARD,HOLLYWOOD ACADEMY OF ARTS & SCIENCE,26.00997,-80.14145,1110,58,12,10,11,6,0,12,8,6,10,2,9,6,14,5,3,5,6,8,12,6
BROWARD,HOLLYWOOD ACADEMY OF ARTS AND SCIENCE MIDDLE SCHOOL,26.00997,-80.14145,445,23,15,3,8,3,0,12,7,7,2,1,10,3,5,2,0,9,3,5,3,0
BROWARD,IMAGINE CHARTER SCHOOL AT NORTH LAUDERDALE ELEMENTARY,26.21015,-80.20553,623,62,18,7,2,1,0,20,5,1,0,0,41,14,4,1,1,41,12,4,1,1
BROWARD,IMAGINE CHARTER SCHOOL AT WESTON,26.13710,-80.42144,938,57,8,8,12,11,3,7,9,13,9,4,8,9,14,8,3,2,13,12,10,5
BROWARD,IMAGINE SCHOOLS AT BROWARD,26.29991,-80.24763,838,81,15,27,8,12,0,18,20,14,6,1,14,27,13,6,2,25,15,10,8,4
BROWARD,IMAGINE SCHOOLS PLANTATION  CAMPUS,26.10425,-80.25724,364,42,10,10,7,1,2,10,12,4,3,1,8,11,8,6,2,10,12,8,3,2
BROWARD,INNOVATION CHARTER SCHOOL,26.22515,-80.13514,448,23,10,2,1,0,0,11,0,0,1,0,11,3,0,0,0,12,2,0,0,0
BROWARD,NORTH BROWARD ACADEMY OF EXCELLENCE,26.20523,-80.23925,684,56,12,9,4,7,2,11,9,7,5,2,20,10,4,4,4,17,10,8,4,3
BROWARD,NORTH BROWARD ACADEMY OF EXCELLENCE MIDDLE,26.20523,-80.23925,352,25,15,5,6,2,1,13,4,6,3,3,14,2,5,1,3,8,8,3,2,3
BROWARD,PARAGON ACADEMY OF TECHNOLOGY,26.01529,-80.16461,141,26,13,4,3,0,0,16,2,1,0,0,15,11,1,2,0,17,6,6,0,0
BROWARD,PEMBROKE PINES CHARTER ELEMENTARY SCHOOL,25.99438,-80.28958,1919,192,21,28,34,13,3,19,28,25,19,8,14,44,30,15,6,21,24,32,18,13
BROWARD,RENAISSANCE CHARTER MIDDLE SCHOOL AT PINES,26.00914,-80.28640,453,51,27,12,6,1,0,24,8,10,4,0,17,19,8,2,0,12,16,13,5,3
BROWARD,RENAISSANCE CHARTER SCHOOL AT COOPER CITY,26.03365,-80.28059,1199,70,4,18,15,6,4,7,12,14,6,8,6,14,15,11,5,12,11,14,7,8
BROWARD,RENAISSANCE CHARTER SCHOOL AT CORAL SPRINGS,26.27227,-80.20748,1509,103,48,23,11,3,2,57,16,10,4,0,42,24,16,3,1,50,18,15,3,0
BROWARD,RENAISSANCE CHARTER SCHOOL AT PLANTATION,26.13915,-80.23791,864,72,29,8,3,3,0,24,8,9,1,0,29,15,6,1,2,25,5,7,6,1
BROWARD,RENAISSANCE CHARTER SCHOOL AT UNIVERSITY,26.22656,-80.25417,1427,80,35,21,8,3,1,29,21,13,4,0,16,26,12,3,1,22,9,13,13,1
BROWARD,RENAISSANCE CHARTER SCHOOLS AT PINES,26.00914,-80.28640,961,58,11,10,7,2,1,8,9,8,4,2,11,12,8,3,1,8,7,11,8,1
BROWARD,SOMERSET ACADEMY,26.01681,-80.42602,648,45,14,6,11,3,5,8,5,12,11,3,16,11,9,4,5,8,10,6,12,9
BROWARD,SOMERSET ACADEMY CHARTER HIGH,26.01818,-80.42597,1034,67,9,10,6,3,1,2,3,6,3,1,7,13,9,6,2,17,6,12,5,3
BROWARD,SOMERSET ACADEMY ELEMENTARY (MIRAMAR CAMPUS),25.96055,-80.31299,518,27,4,8,6,1,0,5,9,3,2,0,7,6,5,1,0,5,3,9,2,0
BROWARD,SOMERSET ACADEMY KEY CHARTER HIGH SCHOOL,26.30594,-80.09714,227,30,11,4,3,0,0,10,2,0,0,0,12,3,2,0,0,16,3,3,0,0
BROWARD,SOMERSET ACADEMY KEY MIDDLE SCHOOL,26.30594,-80.09714,425,37,17,10,4,3,1,20,10,4,1,0,22,9,5,3,1,22,10,4,4,0
BROWARD,SOMERSET ACADEMY MIDDLE (MIRAMAR CAMPUS),25.96058,-80.31312,417,28,6,8,14,2,3,4,7,14,2,5,7,10,7,4,1,6,7,11,5,0
BROWARD,SOMERSET ACADEMY MIDDLE SCHOOL,26.01578,-80.42573,892,78,18,27,9,15,2,16,15,24,7,10,21,17,27,12,1,23,21,20,7,6
BROWARD,SOMERSET ACADEMY VILLAGE CHARTER MIDDLE SCHOOL,26.16316,-80.14822,151,18,6,3,6,1,0,5,3,6,2,0,7,7,1,0,1,7,3,5,1,0
BROWARD,SOMERSET NEIGHBORHOOD SCHOOL,25.99269,-80.26798,522,34,5,12,4,1,0,6,8,6,2,0,8,11,9,0,0,10,10,4,3,0
BROWARD,SOMERSET PINES ACADEMY,26.27271,-80.11000,427,32,14,5,1,0,0,14,4,2,0,0,13,8,3,0,0,10,6,6,2,0
BROWARD,SOMERSET PREPARATORY ACADEMY CHARTER SCHOOL AT NORTH LAUDERDALE,26.21910,-80.22095,752,54,18,8,3,1,0,16,8,6,3,0,23,12,1,2,0,21,8,6,1,2
BROWARD,SOMERSET PREPARATORY CHARTER MIDDLE SCHOOL,25.99269,-80.26798,351,21,8,6,4,0,0,7,8,3,0,0,9,11,0,2,2,12,8,1,2,1
BROWARD,SOMERSET VILLAGE ACADEMY,26.16316,-80.14822,246,23,9,3,1,0,0,10,1,2,0,0,9,3,4,0,0,6,3,4,3,0
BROWARD,SUNSHINE ELEMENTARY CHARTER SCHOOL,26.01529,-80.16461,313,44,15,6,4,4,0,14,6,6,3,0,11,12,2,3,0,12,6,7,2,1
BROWARD,THE BEN GAMLA PREPARATORY ACADEMY,26.00944,-80.16134,492,40,5,2,2,1,1,5,1,3,2,0,8,10,5,2,1,11,3,8,3,0
BROWARD,WEST BROWARD ACADEMY,26.24457,-80.19707,549,39,16,5,4,2,0,14,7,3,2,1,13,5,2,3,1,12,5,5,1,1
CLAY,CLAY CHARTER ACADEMY,30.12307,-81.86014,578,77,21,11,4,4,0,13,13,7,2,3,30,12,4,3,1,28,6,13,1,3
CLAY,ST JOHNS CLASSICAL ACADEMY,30.10103,-81.72633,592,74,13,9,5,3,0,13,9,6,1,0,10,17,10,4,1,11,13,9,6,1
COLLIER,COLLIER CHARTER ACADEMY,26.27615,-81.62443,605,48,13,5,3,5,0,15,3,2,3,2,13,4,6,5,2,15,4,3,5,2
COLLIER,GULF COAST CHARTER ACADEMY SOUTH,26.15442,-81.76665,637,57,13,12,3,2,0,14,9,7,0,0,22,14,10,2,0,19,16,11,2,0
COLLIER,IMMOKALEE COMMUNITY SCHOOL,26.41897,-81.42052,241,35,7,11,0,1,0,5,6,7,0,1,9,10,4,0,0,5,5,8,4,1
COLLIER,MARCO ISLAND ACADEMY,25.93394,-81.67846,224,25,5,3,3,1,0,6,1,4,3,0,8,3,2,3,0,8,2,2,2,0
COLLIER,MARCO ISLAND CHARTER MIDDLE,25.94070,-81.71030,377,55,21,11,10,5,0,13,15,8,8,3,20,14,14,2,1,13,11,15,7,5
COLLIER,MASON CLASSICAL ACADEMY,26.16216,-81.76900,898,46,1,5,3,5,3,1,3,7,2,4,2,5,6,4,3,2,3,8,2,5
COLUMBIA,BELMONT ACADEMY,30.07364,-82.67747,493,33,3,9,2,3,0,2,7,3,5,0,2,8,8,0,0,4,5,4,5,0
MIAMI-DADE,ACADEMIR CHARTER SCHOOL MIDDLE,25.71333,-80.41269,361,21,7,5,5,1,0,4,8,5,0,1,7,6,4,1,0,8,3,5,2,0
MIAMI-DADE,ACADEMIR CHARTER SCHOOL PREPARATORY,25.58650,-80.39703,850,54,9,8,3,1,1,6,3,9,1,3,18,11,8,1,0,18,11,4,5,0
MIAMI-DADE,ACADEMIR CHARTER SCHOOL WEST,25.74291,-80.43627,619,16,3,2,5,0,0,4,2,3,1,0,2,4,3,2,0,1,2,6,1,1
MIAMI-DADE,ACADEMY FOR INTERNATIONAL EDUCATION CHARTER SCHOOL,25.81217,-80.27515,656,34,11,4,4,2,1,5,9,5,1,1,7,11,5,2,0,9,5,6,3,2
MIAMI-DADE,ASPIRA ARTS DECO CHARTER,25.79493,-80.19431,463,48,34,8,1,0,0,23,12,5,3,0,32,14,1,0,0,30,11,4,2,0
MIAMI-DADE,ASPIRA LEADERSHIP AND COLLEGE PREPARATORY ACADEMY,25.49888,-80.40572,354,23,8,3,6,1,0,8,4,3,2,1,4,4,3,2,1,7,3,3,0,1
MIAMI-DADE,ASPIRA RAUL ARNALDO MARTINEZ CHARTER SCHOOL,25.89752,-80.19445,400,22,17,6,2,0,0,19,2,1,2,0,15,3,0,2,0,12,5,1,1,0
MIAMI-DADE,AVENTURA CITY OF EXCELLENCE SCHOOL,25.94996,-80.13636,1025,55,7,16,13,6,1,4,8,16,6,9,3,19,19,5,2,3,9,18,11,7
MIAMI-DADE,BRIDGEPREP ACADEMY OF GREATER MIAMI,25.79497,-80.19197,458,15,4,4,4,0,0,3,5,2,2,0,6,4,1,2,0,6,5,2,0,0
MIAMI-DADE,BRIDGEPREP ACADEMY OF VILLAGE GREEN,25.65541,-80.41040,704,34,12,8,1,1,0,10,6,6,0,0,9,11,4,1,0,18,5,2,1,0
MIAMI-DADE,BRIDGEPREP ACADEMY SOUTH,25.71468,-80.36763,637,27,10,2,1,1,0,9,2,2,1,0,16,6,4,2,0,12,6,7,3,0
MIAMI-DADE,CITY OF HIALEAH EDUCATION ACADEMY,25.89129,-80.33579,933,40,6,9,2,4,0,7,2,6,1,0,11,11,0,3,1,8,10,5,0,2
MIAMI-DADE,CORAL REEF MONTESSORI ACADEMY CHARTER,25.56762,-80.36597,511,48,8,11,10,2,1,18,8,5,1,0,7,13,13,1,1,24,5,5,1,0
MIAMI-DADE,DOCTORS CHARTER SCHOOL OF MIAMI SHORES,25.87878,-80.20558,585,22,4,5,3,1,0,7,5,3,1,0,3,9,4,2,0,8,4,5,0,0
MIAMI-DADE,DORAL ACADEMY,25.79630,-80.35309,1030,49,8,7,13,2,0,5,9,13,3,0,5,10,17,2,1,4,13,13,4,1
MIAMI-DADE,DORAL ACADEMY CHARTER HIGH SCHOOL,25.79795,-80.37517,1800,66,4,7,8,6,4,6,3,9,4,6,7,9,10,7,0,5,8,8,6,4
MIAMI-DADE,DORAL ACADEMY CHARTER MIDDLE SCHOOL,25.79826,-80.37672,1465,45,7,8,6,8,1,5,7,8,6,4,5,12,12,12,2,3,4,21,7,8
MIAMI-DADE,DORAL INTERNATIONAL ACADEMY OF MATH AND SCIENCE,25.83481,-80.36637,886,32,7,6,2,2,0,7,1,6,2,1,7,8,8,0,2,5,12,4,2,2
MIAMI-DADE,DOWNTOWN MIAMI CHARTER SCHOOL,25.77732,-80.19925,618,34,16,4,4,0,0,15,3,4,2,0,16,6,6,2,0,15,8,5,1,1
MIAMI-DADE,EVERGLADES PREPARATORY ACADEMY,25.46969,-80.45422,480,29,15,8,4,2,0,16,7,5,1,0,11,13,3,4,0,15,8,7,1,0
MIAMI-DADE,EVERGLADES PREPARATORY ACADEMY HIGH SCHOOL,25.46969,-80.45422,522,42,17,5,3,3,0,19,2,5,0,1,7,7,1,2,1,9,4,3,0,0
MIAMI-DADE,EXCELSIOR LANGUAGE ACADEMY OF HIALEAH,25.83134,-80.27422,210,13,7,1,4,0,0,5,5,1,1,0,7,1,2,0,0,5,2,3,1,0
MIAMI-DADE,HIGHLY INQUISITIVE AND VERSATILE EDUCATION (HIVE) PREPARATORY SCHOOL,25.92916,-80.29950,730,41,4,11,3,1,0,2,10,5,1,1,3,13,11,0,0,5,7,9,3,3
MIAMI-DADE,IMATER ACADEMY,25.83926,-80.29412,670,42,12,6,5,2,0,12,6,4,2,0,13,6,7,2,0,14,7,3,2,2
MIAMI-DADE,IMATER ACADEMY MIDDLE SCHOOL,25.84031,-80.29710,840,32,14,8,2,1,0,7,9,8,1,0,13,12,7,3,0,12,9,10,3,1
MIAMI-DADE,IMATER PREPARATORY ACADEMY HIGH SCHOOL,25.84026,-80.29519,922,29,7,2,4,3,2,6,1,1,1,2,4,4,2,2,1,11,3,3,0,0
MIAMI-DADE,JUST ARTS AND MANAGEMENT CHARTER MIDDLE SCHOOL,25.79630,-80.35309,231,15,1,3,1,4,2,1,2,2,3,3,4,3,4,3,2,1,3,6,4,2
MIAMI-DADE,KEYS GATE CHARTER HIGH SCHOOL,25.45233,-80.43353,835,87,28,11,5,4,1,28,4,10,3,0,21,13,2,2,1,28,4,4,2,0
MIAMI-DADE,KEYS GATE CHARTER SCHOOL,25.45012,-80.43356,1993,174,82,30,13,2,0,83,17,17,7,2,77,41,18,3,1,75,32,20,12,1
MIAMI-DADE,LINCOLN-MARTI CHARTER SCHOOL HIALEAH CAMPUS,25.89820,-80.35502,297,16,8,5,1,0,0,8,4,0,1,0,7,1,3,1,0,11,0,1,1,0
MIAMI-DADE,MATER ACADEMY,25.86224,-80.32354,1171,45,6,8,9,3,1,6,11,7,1,1,3,14,8,4,1,6,6,12,4,2
MIAMI-DADE,MATER ACADEMY CHARTER HIGH,25.86841,-80.32559,1687,45,6,6,5,0,1,6,4,3,0,1,10,8,3,2,2,15,1,6,1,1
MIAMI-DADE,MATER ACADEMY CHARTER MIDDLE,25.86841,-80.32559,1344,30,7,11,8,5,1,8,4,8,7,3,6,13,7,3,0,6,9,8,5,0
MIAMI-DADE,MATER ACADEMY EAST CHARTER,25.76980,-80.20229,487,22,2,1,4,6,2,1,1,7,6,0,0,3,6,5,0,0,2,3,8,1
MIAMI-DADE,MATER ACADEMY LAKES MIDDLE SCHOOL,25.93099,-80.34478,851,34,5,6,5,5,1,7,4,7,1,4,10,10,3,3,5,8,8,8,3,4
MIAMI-DADE,MATER ACADEMY MIAMI BEACH,25.87131,-80.12339,563,16,5,6,1,2,1,3,6,4,1,1,5,3,2,3,0,4,5,2,1,1
MIAMI-DADE,MATER ACADEMY OF INTERNATIONAL STUDIES,25.80647,-80.20952,526,17,14,3,1,0,0,13,4,1,0,0,6,7,3,1,0,6,7,1,3,0
MIAMI-DADE,MATER GARDENS ACADEMY,25.93550,-80.34908,607,16,3,4,3,1,0,1,4,3,2,1,7,8,4,0,0,8,4,6,2,0
MIAMI-DADE,MATER GROVE ACADEMY,25.73828,-80.24565,880,39,7,7,3,3,1,8,3,8,0,2,7,11,10,3,0,7,10,10,3,1
MIAMI-DADE,MIAMI ARTS CHARTER,25.79958,-80.19692,1609,68,16,11,17,5,0,22,11,8,4,1,14,9,17,6,0,20,9,9,4,3
MIAMI-DADE,MIAMI COMMUNITY CHARTER SCHOOL,25.44640,-80.49287,529,32,8,5,0,0,0,10,2,1,0,0,9,4,2,0,0,9,1,3,2,0
MIAMI-DADE,PALM GLADES PREPARATORY ACADEMY,25.55717,-80.37208,356,37,13,8,5,1,0,18,4,4,0,1,18,13,4,1,0,22,9,2,3,0
MIAMI-DADE,PALM GLADES PREPARATORY ACADEMY HIGH SCHOOL,25.55717,-80.37208,389,35,10,7,1,0,0,13,1,3,0,0,15,4,3,1,0,14,2,2,1,0
MIAMI-DADE,PINECREST ACADEMY (SOUTH CAMPUS),25.69107,-80.43711,751,27,1,3,6,4,1,1,4,3,7,1,1,2,5,4,0,2,2,2,4,2
MIAMI-DADE,PINECREST ACADEMY CHARTER MIDDLE SCHOOL,25.72879,-80.43677,514,17,4,6,4,0,1,1,6,6,1,1,6,7,1,4,1,3,7,4,5,0
MIAMI-DADE,PINECREST COVE ACADEMY,25.73083,-80.36740,947,17,2,1,6,2,0,5,2,3,1,0,0,5,3,3,1,0,3,6,3,1
MIAMI-DADE,PINECREST GLADES ACADEMY,25.76089,-80.44872,737,38,1,5,4,0,1,2,3,4,1,1,6,3,6,4,1,6,3,6,1,4
MIAMI-DADE,PINECREST GLADES PREPARATORY ACADEMY MIDDLE HIGH SCHOOL,25.76089,-80.44872,509,34,6,6,2,3,0,4,5,6,2,0,9,14,6,2,0,9,12,7,0,1
MIAMI-DADE,PINECREST PREPARATORY ACADEMY CHARTER HIGH SCHOOL,25.72879,-80.43677,491,25,4,4,6,3,0,4,6,2,5,0,4,4,6,2,1,9,2,4,0,0
MIAMI-DADE,RENAISSANCE ELEMENTARY CHARTER SCHOOL,25.79219,-80.36716,909,48,4,8,6,5,0,6,6,3,4,4,11,8,9,7,0,10,11,5,6,3
MIAMI-DADE,RENAISSANCE MIDDLE CHARTER SCHOOL,25.80380,-80.33221,450,33,9,8,9,4,0,5,10,10,3,2,10,12,10,2,0,8,14,9,3,0
MIAMI-DADE,SOMERSET ACADEMY (SILVER PALMS),25.55126,-80.37787,1766,52,1,11,3,1,1,1,7,6,2,1,8,14,13,2,0,6,15,10,6,0
MIAMI-DADE,SOMERSET ACADEMY CHARTER,25.59542,-80.40844,699,32,5,8,1,0,0,7,2,4,0,0,8,4,3,3,0,7,5,3,3,0
MIAMI-DADE,SOMERSET ACADEMY CHARTER ELEMENTARY SCHOOL (SOUTH HOMESTEAD),25.46734,-80.47506,536,54,11,8,14,1,0,9,12,7,6,0,15,15,15,5,0,19,17,8,5,1
MIAMI-DADE,SOMERSET ACADEMY CHARTER HIGH SCHOOL (SOUTH HOMESTEAD),25.47246,-80.47135,408,34,7,8,8,1,2,12,6,5,1,1,10,3,5,2,0,9,3,5,0,0
MIAMI-DADE,SOMERSET ACADEMY CHARTER MIDDLE SCHOOL (SOUTH HOMESTEAD),25.47246,-80.47135,590,44,14,20,9,2,1,18,10,11,4,2,18,16,6,5,1,16,11,13,5,1
MIAMI-DADE,SOMERSET ARTS ACADEMY,25.48579,-80.47810,405,22,4,2,3,1,0,5,3,1,0,1,9,9,5,3,0,8,9,5,3,1
MIAMI-DADE,SOMERSET GABLES ACADEMY,25.74149,-80.26728,473,20,1,6,8,1,0,4,8,3,0,1,2,9,8,1,0,1,9,7,3,0
MIAMI-DADE,SOMERSET OAKS ACADEMY,25.48065,-80.46619,575,59,18,13,8,2,0,14,15,10,1,1,21,21,8,3,0,26,18,5,3,1
MIAMI-DADE,SPORTS LEADERSHIP AND MANAGEMENT (SLAM) CHARTER MIDDLE SCHOOL,25.77963,-80.21516,684,34,16,8,4,2,0,13,9,4,2,1,11,13,7,2,0,11,10,9,1,1
MIAMI-DADE,SUMMERVILLE ADVANTAGE ACADEMY,25.54193,-80.37871,552,24,5,4,3,2,0,4,2,6,1,1,5,6,3,1,0,5,4,3,1,2
MIAMI-DADE,THE CHARTER SCHOOL AT WATERSTONE,25.48520,-80.41967,925,55,12,9,4,2,0,11,8,6,2,0,12,12,11,2,0,15,12,5,3,2
MIAMI-DADE,THE SEED SCHOOL OF MIAMI,25.94299,-80.20353,265,24,11,1,3,0,0,10,4,0,0,0,14,5,2,0,0,15,3,3,0,0
MIAMI-DADE,YOUTH CO-OP CHARTER SCHOOL,25.89336,-80.32551,953,23,10,3,3,0,1,10,3,3,1,0,8,7,3,1,0,10,3,6,0,0
MIAMI-DADE,YOUTH CO-OP PREPARATORY HIGH SCHOOL,25.89336,-80.32551,224,20,4,1,3,1,2,7,1,2,1,0,4,2,3,2,0,8,1,2,0,0
DUVAL,BRIDGEPREP ACADEMY DUVAL COUNTY,30.31242,-81.59337,459,53,18,6,1,1,0,14,10,1,0,0,17,15,8,0,0,20,13,5,1,0
DUVAL,DUVAL CHARTER AT BAYMEADOWS,30.23286,-81.58598,1356,143,34,29,18,7,2,33,21,25,8,3,47,27,21,12,1,35,26,33,9,4
DUVAL,DUVAL CHARTER HIGH SCHOOL AT BAYMEADOWS,30.23286,-81.58598,531,67,10,6,6,6,1,5,3,7,5,0,11,14,12,5,1,10,8,9,2,1
DUVAL,DUVAL CHARTER SCHOLARS ACADEMY,30.31227,-81.57521,583,77,29,14,5,2,0,34,9,5,2,0,31,15,9,2,1,41,9,5,2,1
DUVAL,DUVAL CHARTER SCHOOL AT COASTAL,30.28713,-81.48001,887,111,17,7,7,1,2,10,10,6,5,3,25,22,16,11,2,23,19,19,11,4
DUVAL,DUVAL CHARTER SCHOOL AT FLAGLER CENTER,30.14123,-81.52009,880,91,21,22,14,5,1,15,14,19,12,2,18,23,13,7,4,15,17,13,15,5
DUVAL,DUVAL CHARTER SCHOOL AT MANDARIN,30.19338,-81.57974,904,83,23,18,17,7,4,23,11,17,13,5,25,11,9,8,5,17,10,14,10,7
DUVAL,DUVAL CHARTER SCHOOL AT SOUTHSIDE,30.24558,-81.55371,921,110,28,19,18,7,1,27,21,15,6,3,26,29,21,7,1,22,27,22,11,3
DUVAL,DUVAL CHARTER SCHOOL AT WESTSIDE,30.24759,-81.80882,988,100,40,13,5,0,2,41,9,6,2,1,43,21,7,2,0,54,11,5,5,0
DUVAL,FLORIDA CYBER CHARTER ACADEMY,30.20058,-81.57164,758,61,12,3,5,1,0,16,2,2,0,0,31,14,8,3,1,35,9,8,1,1
DUVAL,GLOBAL OUTREACH CHARTER ACADEMY,30.32540,-81.54866,820,64,25,13,7,1,0,29,6,5,5,1,31,8,4,1,0,28,10,0,1,1
DUVAL,KIPP VOICE / KIPP IMPACT K-8,30.34269,-81.70605,1176,142,31,11,5,3,1,26,12,5,6,2,42,14,3,10,0,31,16,10,10,0
DUVAL,RIVER CITY SCIENCE ACADEMY,30.28942,-81.58035,920,48,6,18,5,7,1,13,11,10,6,3,12,9,6,6,0,10,7,12,3,1
DUVAL,RIVER CITY SCIENCE ACADEMY AT MANDARIN,30.17656,-81.60403,846,79,7,15,3,0,0,6,3,8,5,3,17,13,13,4,0,15,12,11,7,1
DUVAL,RIVER CITY SCIENCE ACADEMY INNOVATION SCHOOL,30.22928,-81.58326,601,44,10,7,7,1,0,5,10,5,4,1,18,7,4,2,1,8,11,6,5,1
DUVAL,SAN JOSE ACADEMY,30.20456,-81.61011,111,23,9,3,1,0,1,10,1,2,0,0,11,3,4,0,1,12,5,1,1,0
DUVAL,SCHOOL OF SUCCESS ACADEMY-SOS,30.26882,-81.75906,165,25,20,2,1,0,0,17,3,4,0,0,20,4,0,1,0,15,6,3,1,0
DUVAL,SEACOAST CHARTER ACADEMY,30.32874,-81.55672,451,59,15,4,5,1,1,11,4,6,5,0,20,3,6,2,0,15,10,4,2,0
DUVAL,SEASIDE COMMUNITY CHARTER SCHOOL,30.22125,-81.61485,224,36,7,9,5,4,1,11,6,5,4,1,1,1,3,5,0,0,2,5,3,0
DUVAL,"SOMERSET ACADEMY-MIDDLE, EAGLE CAMPUS",30.41786,-81.66441,127,15,12,2,1,1,0,7,7,2,1,0,6,7,2,0,0,4,7,3,1,0
DUVAL,SOMERSET PREPARATORY ACADEMY,30.41786,-81.66441,188,15,12,2,0,0,0,10,2,1,0,0,7,3,2,0,0,5,2,4,1,0
DUVAL,TIGER ACADEMY,30.37440,-81.71914,239,29,7,2,2,0,0,4,4,3,0,0,12,3,1,0,0,11,3,2,0,0
DUVAL,WAVERLY ACADEMY,30.24427,-81.73875,100,11,8,1,3,0,0,9,3,1,0,0,6,3,2,1,0,8,3,0,1,0
DUVAL,WAYMAN ACADEMY OF THE ARTS,30.30437,-81.73227,281,33,7,8,2,0,0,3,7,3,3,1,8,7,2,1,0,5,5,5,2,1
ESCAMBIA,BEULAH ACADEMY OF SCIENCE,30.53083,-87.38234,288,24,10,4,1,2,1,8,6,3,0,1,13,6,3,0,1,14,7,2,0,0
FLAGLER,IMAGINE SCHOOL AT TOWN CENTER,29.48850,-81.19801,887,113,50,18,9,3,0,51,12,12,4,0,45,20,10,4,2,49,12,15,3,2
FRANKLIN,APALACHICOLA BAY CHARTER SCHOOL,29.72188,-84.99054,353,63,22,11,4,7,0,17,13,7,5,2,16,8,8,5,1,14,12,7,5,0
GADSDEN,CROSSROAD ACADEMY,30.56349,-84.56122,527,18,4,3,3,1,0,5,0,5,1,0,2,5,2,0,1,2,4,3,1,0
GLADES,"PEMAYETV EMAHAKV CHARTER ""OUR WAY SCHOOL""",26.99966,-81.06807,197,75,4,16,6,2,0,2,7,16,3,0,4,11,12,4,0,4,9,15,2,0
GLADES,PEMAYETV EMAHAKV CHARTER MIDDLE SCHOOL,26.99966,-81.06807,81,30,10,6,4,7,2,3,6,4,8,8,4,8,4,13,1,4,2,8,9,7
HILLSBOROUGH,ADVANTAGE ACADEMY OF HILLSBOROUGH,28.00150,-82.12420,461,38,5,1,2,2,0,4,3,2,1,0,18,6,3,2,0,17,6,5,1,0
HILLSBOROUGH,AVANT GARDE ACADEMY WESTCHASE,28.07466,-82.58082,395,44,7,2,5,1,1,5,5,4,1,1,18,6,7,1,2,18,9,4,2,1
HILLSBOROUGH,BELL CREEK ACADEMY,27.85239,-82.27247,656,29,9,8,8,3,0,2,7,11,5,3,3,14,4,5,2,3,6,11,5,3
HILLSBOROUGH,BELL CREEK ACADEMY HIGH SCHOOL,27.85239,-82.27247,454,28,1,7,2,3,1,7,3,3,0,0,2,3,6,3,2,6,2,5,2,0
HILLSBOROUGH,BRIDGEPREP ACADEMY OF RIVERVIEW,27.89317,-82.33844,883,97,13,9,2,1,1,15,8,2,0,0,31,15,6,5,1,39,10,7,0,1
HILLSBOROUGH,BRIDGEPREP ACADEMY OF TAMPA,27.93680,-82.48458,349,34,9,4,3,0,0,9,3,1,2,1,8,5,5,1,1,8,3,4,4,1
HILLSBOROUGH,BROOKS DEBARTOLO COLLEGIATE HIGH SCHOOL,28.04867,-82.45576,609,31,3,5,6,3,1,5,3,6,0,1,1,3,3,4,2,1,5,5,1,0
HILLSBOROUGH,COMMUNITY CHARTER SCHOOL OF EXCELLENCE,28.05350,-82.44577,302,32,6,1,2,1,1,6,3,0,1,1,15,4,2,2,1,19,3,1,1,1
HILLSBOROUGH,HENDERSON HAMMOCK CHARTER SCHOOL,28.04356,-82.55101,1147,86,40,18,8,5,3,38,18,12,3,3,28,14,9,8,2,30,15,11,3,2
HILLSBOROUGH,HILLSBOROUGH ACADEMY OF MATH AND SCIENCE,28.03020,-82.59672,801,54,8,7,7,2,0,9,6,6,1,2,6,11,7,5,0,7,11,4,4,3
HILLSBOROUGH,HORIZON CHARTER SCHOOL OF TAMPA,27.99838,-82.56174,303,17,2,4,3,4,0,2,1,9,1,0,0,4,4,3,0,1,1,5,4,0
HILLSBOROUGH,INDEPENDENCE ACADEMY,28.01607,-82.24438,937,67,20,9,10,2,0,17,15,3,5,1,14,17,6,4,0,14,8,12,3,1
HILLSBOROUGH,KIDS COMMUNITY COLLEGE CHARTER SCHOOL SOUTHEAST HILLSBOROUGH COUNTY,27.86454,-82.30562,353,32,2,5,4,2,3,5,5,5,2,0,4,4,4,3,0,4,4,5,2,0
HILLSBOROUGH,KIDS COMMUNITY COLLEGE RIVERVIEW SOUTH,27.85653,-82.33305,565,50,13,11,4,2,1,11,9,10,1,0,11,16,2,3,0,10,11,10,1,0
HILLSBOROUGH,KIDS COMMUNITY COLLEGE SOUTHEAST MIDDLE CHARTER SCHOOL,27.83031,-82.30267,193,21,11,5,2,2,0,7,7,4,1,0,10,6,2,1,0,14,3,2,0,0
HILLSBOROUGH,LEARNING GATE COMMUNITY SCHOOL,28.10430,-82.44931,794,86,28,20,8,2,2,31,14,9,4,2,19,31,16,3,2,32,17,15,5,2
HILLSBOROUGH,LITERACY/LEADERSHIP/TECHNOLOGY ACADEMY,27.89989,-82.37776,632,60,18,15,9,2,1,8,18,16,4,0,20,17,12,1,1,15,20,8,7,1
HILLSBOROUGH,LUTZ PREPARATORY SCHOOL,28.13265,-82.46232,783,76,5,12,16,4,6,6,9,12,5,11,2,13,16,11,3,7,8,8,13,9
HILLSBOROUGH,NEW SPRINGS SCHOOLS,28.03324,-82.43188,461,26,16,3,4,0,0,11,9,3,0,0,10,1,4,1,0,11,2,2,1,0
HILLSBOROUGH,PIVOT CHARTER SCHOOL,27.91904,-82.33712,259,33,13,3,3,0,0,14,3,2,0,0,9,4,2,6,0,7,3,5,2,0
HILLSBOROUGH,SOUTHSHORE CHARTER ACADEMY,27.79479,-82.30263,1160,102,19,12,6,5,1,21,12,4,7,0,28,16,12,4,0,34,13,8,2,3
HILLSBOROUGH,SPORTS LEADERSHIP AND MANAGEMENT ACADEMY (TAMPA),28.06835,-82.57124,532,72,20,10,4,0,0,22,9,3,0,0,43,15,1,1,0,34,20,5,1,0
HILLSBOROUGH,SUNLAKE ACADEMY OF MATH AND SCIENCES,28.14343,-82.49466,877,78,11,12,7,3,1,14,9,5,5,1,16,10,11,6,2,15,13,8,6,2
HILLSBOROUGH,TERRACE COMMUNITY MIDDLE SCHOOL,28.05515,-82.34406,660,23,6,1,8,4,2,1,6,5,4,5,5,7,2,4,2,2,5,5,5,3
HILLSBOROUGH,TRINITY SCHOOL FOR CHILDREN,27.98775,-82.48315,855,60,18,14,10,6,1,11,16,11,9,2,17,12,12,6,0,12,15,13,7,0
HILLSBOROUGH,VALRICO LAKE ADVANTAGE ACADEMY,27.85415,-82.27130,956,71,6,9,6,11,5,7,8,5,8,9,4,14,9,3,2,11,8,6,3,3
HILLSBOROUGH,VILLAGE OF EXCELLENCE ACADEMY,28.03047,-82.41036,247,34,14,4,0,0,0,12,4,1,0,0,9,4,5,1,0,10,4,3,1,0
HILLSBOROUGH,VILLAGE OF EXCELLENCE ACADEMY MIDDLE SCHOOL,28.03298,-82.40947,110,16,11,2,2,0,0,14,0,0,0,0,8,2,0,0,0,11,0,0,0,0
HILLSBOROUGH,WATERSET CHARTER SCHOOL,27.77657,-82.38588,966,80,10,13,9,4,0,13,10,9,3,1,17,7,11,5,2,19,4,11,5,3
HILLSBOROUGH,WINTHROP CHARTER SCHOOL,27.88948,-82.31770,1336,89,15,13,14,4,0,10,13,12,7,4,11,18,19,8,0,11,17,17,8,3
HILLSBOROUGH,WOODMONT CHARTER SCHOOL,28.04398,-82.39445,739,55,23,7,4,1,0,24,8,2,1,0,21,7,2,0,0,17,9,4,0,0
INDIAN RIVER,IMAGINE AT SOUTH VERO,27.61184,-80.45216,891,89,25,30,10,1,2,20,27,15,5,0,18,30,13,5,3,23,18,16,10,1
INDIAN RIVER,INDIAN RIVER CHARTER HIGH SCHOOL,27.63401,-80.45116,687,66,13,7,10,3,1,18,4,7,2,1,14,10,10,2,0,18,7,5,2,0
INDIAN RIVER,SEBASTIAN CHARTER JUNIOR HIGH SCHOOL,27.78929,-80.48328,266,43,14,10,8,3,1,6,17,6,5,1,17,11,8,5,1,11,8,15,6,2
INDIAN RIVER,ST. PETER'S ACADEMY,27.67017,-80.42309,137,14,0,1,8,2,0,0,2,5,4,0,2,4,3,1,1,3,2,2,4,0
JEFFERSON,JEFFERSON COUNTY ELEMENTARY A SOMERSET CHARTER SCHOOL,30.49104,-83.87899,417,86,12,14,3,1,0,15,10,6,2,0,27,8,2,4,0,22,12,3,4,0
JEFFERSON,JEFFERSON COUNTY MIDDLE A SOMERSET CHARTER SCHOOL,30.49073,-83.88100,180,20,12,1,1,3,0,9,3,3,2,0,11,3,3,2,0,10,6,3,1,0
LAKE,ALTOONA SCHOOL,28.96894,-81.64770,294,52,14,12,6,0,0,15,8,5,3,0,17,10,9,0,0,19,7,4,4,0
LAKE,IMAGINE SCHOOLS AT SOUTH LAKE,28.50080,-81.70382,1043,91,24,33,18,3,0,22,23,25,3,5,22,28,14,9,1,19,18,18,17,2
LAKE,MASCOTTE ELEMENTARY SCHOOL,28.57237,-81.88571,783,92,29,13,7,3,0,26,9,10,6,0,18,12,14,2,0,25,7,8,5,1
LAKE,MINNEOLA ELEMENTARY CONVERSION CHARTER SCHOOL,28.58032,-81.74178,1312,143,33,23,17,6,1,32,21,18,10,1,39,40,27,3,1,36,31,36,7,0
LAKE,PINECREST LAKES ACADEMY,28.56934,-81.72231,583,46,8,3,10,9,2,8,4,7,9,4,6,11,5,10,2,5,6,7,9,7
LAKE,ROUND LAKE ELEMENTARY SCHOOL,28.80590,-81.59413,1080,120,20,32,11,4,1,37,17,8,5,2,18,25,22,8,0,27,9,22,12,3
LAKE,SPRING CREEK CHARTER SCHOOL,28.99542,-81.54306,608,108,42,14,7,3,0,34,14,14,3,0,37,12,12,6,0,38,13,11,5,1
LEE,BONITA SPRINGS CHARTER SCHOOL,26.36534,-81.79656,1299,70,24,15,6,3,0,20,16,11,0,2,28,17,10,3,2,31,12,8,6,1
LEE,CAPE CORAL CHARTER SCHOOL,26.64527,-81.97736,636,31,14,7,0,0,0,13,6,2,0,0,8,8,3,0,0,10,8,1,0,0
LEE,CHRISTA MCAULIFFE CHARTER ELEMENTARY SCHOOL,26.64646,-82.03248,786,38,8,7,5,5,1,4,9,7,5,1,2,8,6,1,1,2,9,4,3,1
LEE,GATEWAY CHARTER ELEMENTARY SCHOOL,26.55289,-81.75768,1112,50,7,9,5,2,1,9,7,5,3,0,7,9,6,1,0,6,3,10,2,1
LEE,GATEWAY CHARTER HIGH SCHOOL,26.55664,-81.75194,529,35,8,3,1,1,0,9,2,2,1,0,11,3,1,1,0,10,1,1,0,0
LEE,GATEWAY CHARTER INTERMEDIATE SCHOOL,26.55664,-81.75194,884,48,19,12,4,1,0,20,8,4,2,0,16,16,5,3,1,15,11,10,5,1
LEE,OAK CREEK CHARTER SCHOOL OF BONITA SPRINGS,26.32926,-81.77331,488,35,22,7,4,0,0,25,2,5,0,1,20,6,2,1,0,18,5,5,2,0
LEE,OASIS CHARTER ELEMENTARY SCHOOL,26.58932,-82.02385,895,34,1,9,5,0,1,1,3,10,2,0,2,4,6,3,0,1,4,6,3,1
LEE,OASIS CHARTER HIGH SCHOOL,26.58648,-82.02209,701,30,7,2,6,2,1,9,4,2,1,0,7,5,3,1,0,9,1,0,0,0
LEE,OASIS CHARTER MIDDLE SCHOOL,26.58703,-82.02403,838,48,23,15,5,0,0,24,13,8,0,0,14,20,9,2,1,10,19,13,4,0
LEE,SIX MILE CHARTER ACADEMY,26.54124,-81.84422,951,55,30,5,9,1,0,30,10,3,2,0,32,12,3,3,1,30,13,5,0,1
LEON,GOVERNOR'S CHARTER SCHOOL,30.46561,-84.20537,479,47,31,6,1,0,0,31,6,2,0,0,25,9,1,0,0,24,7,3,1,0
LEON,TALLAHASSEE SCHOOL OF MATH & SCIENCES,30.49068,-84.32476,422,38,11,3,5,3,1,10,6,4,3,0,11,3,8,1,0,7,5,9,2,0
LEON,THE SCHOOL OF ARTS & SCIENCES CENTRE,30.47285,-84.29115,307,33,2,1,3,1,3,3,0,3,3,1,5,1,4,2,4,4,3,3,4,2
LEON,THE SCHOOL OF ARTS AND SCIENCE ON THOMASVILLE,30.49141,-84.25586,446,47,9,8,6,7,1,7,10,6,5,3,5,10,13,4,1,9,10,8,5,1
LEVY,NATURE COAST MIDDLE SCHOOL,29.53243,-82.88552,85,24,11,7,4,2,0,11,9,2,2,0,11,7,2,1,0,11,6,4,0,0
LEVY,WHISPERING WINDS CHARTER SCHOOL,29.52596,-82.89008,108,31,3,6,2,0,0,6,3,3,0,0,5,2,5,1,0,3,3,5,1,1
MADISON,MADISON CREATIVE ARTS ACADEMY INC,30.48604,-83.45432,308,30,5,10,4,0,0,3,7,6,3,0,4,4,5,0,2,5,2,6,1,1
MANATEE,IMAGINE CHARTER AT LAKEWOOD RANCH,27.48227,-82.43686,541,59,20,7,5,2,0,20,4,6,3,1,14,12,9,5,1,15,7,12,3,3
MANATEE,IMAGINE CHARTER SCHOOL AT NORTH MANATEE,27.59757,-82.51436,607,70,28,15,7,5,0,24,15,13,2,1,23,23,6,3,0,28,11,13,2,1
MANATEE,MANATEE CHARTER SCHOOL,27.45734,-82.52599,403,46,23,7,2,1,0,19,8,3,0,0,20,12,4,0,0,19,11,4,2,0
MANATEE,MANATEE SCHOOL FOR THE ARTS,27.51740,-82.55024,2135,159,50,27,15,8,1,39,35,20,6,2,63,40,16,5,1,38,33,29,6,3
MANATEE,MANATEE SCHOOL OF ARTS/SCIENCES,27.46758,-82.59488,173,22,7,1,1,0,1,5,3,1,0,1,7,1,0,2,1,7,1,3,0,0
MANATEE,OASIS MIDDLE SCHOOL,27.46391,-82.59428,119,20,5,3,4,2,0,9,3,1,1,0,6,1,1,3,2,4,4,2,3,0
MANATEE,PALMETTO CHARTER SCHOOL,27.52859,-82.58441,364,58,5,13,10,10,3,7,9,13,9,3,7,12,9,15,5,4,6,19,13,6
MANATEE,ROWLETT MIDDLE ACADEMY,27.47439,-82.56612,502,41,12,9,1,2,0,12,5,4,2,1,15,12,5,5,0,15,3,16,4,0
MANATEE,TEAM SUCCESS A SCHOOL OF EXCELLENCE,27.48639,-82.55997,776,52,8,7,4,1,0,4,5,5,4,2,6,10,8,1,0,2,4,11,5,3
MANATEE,WILLIAM MONROE ROWLETT ACADEMY FOR ARTS AND COMMUNICATION,27.46893,-82.55624,918,129,32,17,9,12,3,30,12,13,13,5,27,18,10,14,4,32,10,14,9,9
MARION,FRANCIS MARION MILITARY ACADEMY,29.10371,-82.05181,170,24,12,3,0,1,0,10,0,0,0,0,8,3,1,0,0,10,2,3,0,0
MARION,MARION CHARTER SCHOOL,29.11530,-82.02866,220,37,10,9,1,1,1,4,10,3,3,2,6,9,2,4,2,7,2,7,5,2
MARION,OCALI CHARTER MIDDLE SCHOOL,29.16269,-82.09169,141,18,9,4,2,0,0,9,2,3,1,0,10,2,2,1,0,12,1,1,1,0
MONROE,SIGSBEE CHARTER SCHOOL,24.58030,-81.77364,545,53,9,13,4,4,1,12,7,7,3,2,13,16,2,3,2,17,7,7,5,0
MONROE,TREASURE VILLAGE MONTESSORI CHARTER SCHOOL,24.95899,-80.57106,219,32,2,10,5,3,0,3,5,12,1,0,4,8,7,2,2,6,6,6,4,1
OKALOOSA,LIZA JACKSON PREPARATORY SCHOOL,30.41997,-86.65288,848,80,12,18,11,10,1,9,12,16,11,4,4,26,18,8,1,3,14,22,15,3
OKALOOSA,OKALOOSA ACADEMY,30.42639,-86.66575,249,62,30,3,0,0,0,33,1,1,0,0,25,9,0,1,0,29,5,1,0,0
ORANGE,ASPIRE ACADEMY CHARTER,28.60888,-81.39481,122,35,21,6,0,1,0,18,6,3,0,1,14,13,3,0,0,15,8,6,1,0
ORANGE,BRIDGEPREP ACADEMY CHARTER,28.52717,-81.30940,396,42,11,3,2,0,1,13,3,1,2,0,22,3,2,0,0,20,3,3,1,0
ORANGE,CORNERSTONE ACADEMY CHARTER,28.47248,-81.36641,1003,73,23,17,6,7,2,20,13,9,7,5,25,12,8,4,2,24,10,11,5,1
ORANGE,CORNERSTONE CHARTER ACADEMY HIGH,28.47248,-81.36641,478,41,6,4,4,3,0,8,4,1,1,0,15,6,1,2,1,7,4,2,1,0
ORANGE,HOPE CHARTER,28.59255,-81.56034,437,29,7,5,3,3,0,8,2,6,1,1,7,7,6,2,1,4,6,9,3,1
ORANGE,INNOVATION MONTESSORI OCOEE,28.56801,-81.57590,606,27,6,4,3,1,0,5,4,4,0,0,6,3,3,4,0,7,5,1,1,0
ORANGE,LEGENDS ACADEMY CHARTER,28.52799,-81.41540,300,26,13,1,0,0,0,12,2,0,0,0,10,4,2,0,0,9,5,1,0,0
ORANGE,OAKLAND AVENUE CHARTER,28.55476,-81.62183,537,59,3,11,8,2,0,6,3,12,3,0,10,13,8,4,0,13,13,8,1,0
ORANGE,ORANGE COUNTY PREPARATORY ACADEMY CHARTER,28.59558,-81.23950,336,28,10,2,0,0,1,6,3,0,1,0,9,3,1,0,0,8,3,0,1,0
ORANGE,ORLANDO SCIENCE MIDDLE HIGH CHARTER,28.57351,-81.41281,1090,37,6,10,4,3,2,5,3,10,3,2,13,5,6,4,2,10,7,5,4,3
ORANGE,PASSPORT CHARTER,28.52478,-81.32050,179,25,8,2,6,0,1,7,3,2,3,1,6,13,2,2,0,14,4,3,2,0
ORANGE,RENAISSANCE CHARTER AT CROWN POINT,28.60273,-81.54555,1027,76,31,10,7,0,0,27,10,5,4,1,29,15,10,3,0,35,12,5,2,3
ORANGE,RENAISSANCE CHARTER SCHOOL AT CHICKASAW TRAIL,28.55502,-81.27646,1121,136,52,19,8,5,1,57,12,7,6,2,49,22,6,1,2,52,18,5,3,2
ORANGE,RENAISSANCE CHARTER SCHOOL AT GOLDENROD,28.47398,-81.29157,1097,99,43,13,9,1,0,49,14,6,1,1,49,16,5,2,0,54,8,8,1,0
ORANGE,RENAISSANCE CHARTER SCHOOL AT HUNTERS CREEK,28.36160,-81.42703,1238,52,19,9,2,4,0,16,10,4,2,2,18,13,3,2,0,19,5,9,3,1
OSCEOLA,AVANT GARDE ACADEMY,28.33281,-81.40433,544,68,26,13,4,3,0,32,8,7,2,0,27,7,3,0,1,30,7,2,1,0
OSCEOLA,AVANT GARDE ACADEMY K8 OSCEOLA,28.19005,-81.43905,262,33,24,5,1,0,0,27,2,0,0,0,21,2,0,0,0,18,5,1,0,0
OSCEOLA,BELLALAGO CHARTER ACADEMY,28.18539,-81.43696,1472,128,46,23,7,8,0,52,15,16,1,0,61,26,9,2,0,68,20,7,2,1
OSCEOLA,CANOE CREEK CHARTER ACADEMY,28.18602,-81.29059,491,37,15,2,2,4,0,14,4,1,2,2,17,7,3,1,0,21,5,0,2,0
OSCEOLA,FLORIDA CYBER CHARTER ACADEMY AT OSCEOLA,28.29897,-81.36214,1011,60,20,6,4,1,0,26,4,1,0,0,33,9,6,1,0,41,10,0,1,0
OSCEOLA,FOUR CORNERS CHARTER SCHOOL,28.29566,-81.65248,989,48,13,6,5,2,1,12,9,3,3,0,13,8,1,1,0,13,5,2,2,1
OSCEOLA,FOUR CORNERS UPPER SCHOOL,28.27369,-81.65674,1099,87,32,15,5,3,0,42,9,4,1,0,46,13,2,7,1,36,11,3,2,2
OSCEOLA,KISSIMMEE CHARTER ACADEMY,28.33079,-81.37810,780,49,17,9,4,0,0,20,4,5,0,0,25,13,3,2,0,23,10,4,5,1
OSCEOLA,MATER BRIGHTON LAKES,28.20082,-81.44149,924,58,25,10,2,3,0,24,10,4,1,0,23,14,4,2,0,21,14,6,1,1
OSCEOLA,MATER PALMS ACADEMY,28.28675,-81.47126,549,27,4,4,2,0,0,6,2,2,0,0,8,8,1,0,0,7,5,2,1,1
OSCEOLA,P. M. WELLS CHARTER ACADEMY,28.27999,-81.33118,678,36,11,7,3,1,0,12,4,5,1,1,15,9,3,2,0,15,5,6,3,0
OSCEOLA,RENAISSANCE CHARTER SCHOOL AT BOGGY CREEK,28.34747,-81.26191,450,37,13,2,2,0,0,11,4,0,1,1,17,4,0,1,0,17,1,4,1,0
OSCEOLA,RENAISSANCE CHARTER SCHOOL AT POINCIANA,28.25257,-81.48969,860,65,27,9,2,3,0,32,5,3,1,1,38,10,2,0,0,34,10,4,1,1
OSCEOLA,RENAISSANCE CHARTER SCHOOL AT TAPESTRY,28.31955,-81.44259,1396,72,39,7,0,3,3,37,8,5,3,0,30,4,4,4,1,31,6,3,2,0
OSCEOLA,ST. CLOUD PREPARATORY ACADEMY,28.22928,-81.30564,527,42,15,2,5,0,0,10,8,2,2,0,13,13,2,3,0,16,10,3,2,0
PALM BEACH,BEN GAMLA-PALM BEACH,26.54768,-80.14779,245,28,3,7,4,8,2,7,7,4,4,2,5,5,2,3,2,4,5,4,3,1
PALM BEACH,BRIGHT FUTURES ACADEMY,26.82830,-80.09288,211,28,20,6,1,1,0,19,6,3,0,0,16,4,4,0,0,16,5,2,1,0
PALM BEACH,FRANKLIN ACADEMY - BOYNTON BEACH,26.55917,-80.11453,1332,108,44,25,10,9,4,40,21,16,11,3,23,29,10,1,0,31,6,13,9,3
PALM BEACH,FRANKLIN ACADEMY CHARTER C,26.86564,-80.12598,670,54,12,11,4,6,0,13,6,11,1,2,11,12,9,1,0,15,10,6,1,1
PALM BEACH,FRANKLIN ACADEMY CHARTER D,26.86564,-80.12598,363,41,17,14,12,2,2,18,9,10,7,3,9,15,9,8,0,4,14,14,9,0
PALM BEACH,G-STAR SCHOOL OF THE ARTS,26.64658,-80.08595,855,97,9,14,13,11,6,22,7,15,5,2,14,17,10,10,2,22,10,10,3,1
PALM BEACH,GARDENS SCHOOL OF TECHNOLOGY ARTS INC,26.81106,-80.09702,360,44,6,8,4,3,1,8,8,4,0,2,4,12,11,1,1,14,7,4,3,2
PALM BEACH,"GLADES ACADEMY, INC",26.85727,-80.63476,279,42,22,4,4,2,1,17,6,7,3,0,23,13,1,1,0,23,8,5,2,0
PALM BEACH,IMAGINE SCHOOLS CHANCELLOR CAMPUS,26.56199,-80.07581,1035,147,30,42,27,10,7,24,28,33,22,8,32,35,31,10,7,28,27,30,17,9
PALM BEACH,INLET GROVE COMMUNITY HIGH SCHOOL,26.78788,-80.06493,750,58,16,8,4,3,0,12,2,2,3,1,20,6,4,1,2,13,5,10,0,2
PALM BEACH,"MONTESSORI ACADEMYOF EARLY ENRICHMENT, INC",26.61856,-80.14336,182,46,9,7,2,0,0,6,5,7,0,0,4,9,6,0,0,5,5,5,4,0
PALM BEACH,PALM BEACH MARITIME ACADEMY,26.64520,-80.05627,877,120,62,21,4,4,0,56,17,13,5,1,58,25,12,3,2,58,24,13,3,3
PALM BEACH,PALM BEACH MARITIME ACADEMY HIGH SCHOOL,26.58022,-80.05431,187,40,11,7,4,1,0,12,1,6,1,1,12,6,2,1,0,16,6,1,1,0
PALM BEACH,RENAISSANCE CHARTER SCHOOL AT CENTRAL PALM,26.57623,-80.11265,889,73,32,14,8,1,1,38,13,4,0,1,29,11,6,3,0,36,6,4,3,0
PALM BEACH,RENAISSANCE CHARTER SCHOOL AT CYPRESS,26.70908,-80.17144,677,44,18,9,4,0,0,17,5,5,3,0,18,11,5,1,0,16,8,9,3,0
PALM BEACH,RENAISSANCE CHARTER SCHOOL AT PALMS WEST,26.68348,-80.24839,567,102,18,28,15,6,3,26,19,21,2,2,24,22,17,5,3,32,23,7,5,2
PALM BEACH,RENAISSANCE CHARTER SCHOOL AT SUMMIT,26.66740,-80.07209,1037,101,36,18,14,5,1,31,25,8,7,3,26,16,10,5,1,26,10,13,8,1
PALM BEACH,RENAISSANCE CHARTER SCHOOL AT WELLINGTON,26.62967,-80.20426,497,43,8,11,5,2,0,10,7,4,3,2,5,9,10,1,1,11,8,3,3,2
PALM BEACH,RENAISSANCE CHARTER SCHOOL AT WEST PALM BEACH,26.71865,-80.09108,994,98,26,26,16,1,1,30,15,21,2,2,13,31,24,5,1,25,17,14,13,5
PALM BEACH,SOMERSET ACADEMY BOCA EAST,26.34570,-80.09447,358,32,3,6,5,4,0,2,8,6,2,0,2,5,7,4,0,3,4,7,3,0
PALM BEACH,SOMERSET ACADEMY CANYONS HIGH SCHOOL,26.52886,-80.19596,787,58,10,15,7,3,0,17,7,8,1,0,11,15,5,1,0,15,6,6,1,0
PALM BEACH,SOMERSET ACADEMY CANYONS MIDDLE SCHOOL,26.52886,-80.19596,829,65,21,22,11,10,1,25,13,15,8,4,13,27,16,6,3,12,19,21,8,5
PALM BEACH,SOMERSET ACADEMY JFK CHARTER SCHOOL,26.60747,-80.09626,520,72,20,23,10,4,1,32,19,4,1,3,24,12,9,2,2,26,11,6,3,3
PALM BEACH,SOMERSET ACADEMY LAKES,26.66637,-80.08551,235,31,7,4,0,1,0,7,2,2,1,0,6,6,3,2,0,4,5,4,4,0
PALM BEACH,SOUTH TECH ACADEMY,26.49623,-80.08434,1095,209,36,24,9,2,0,27,8,13,5,1,40,30,14,3,0,32,12,24,3,1
PALM BEACH,SOUTH TECH PREPARATORY ACADEMY,26.54771,-80.08388,544,92,39,28,13,3,0,46,20,10,5,0,42,33,10,2,0,45,24,16,1,1
PALM BEACH,SPORTS LEADERSHIP AND MANAGEMENT (SLAM) MIDDLE SCHOOL PALM BEACH,26.66637,-80.08551,224,30,7,2,4,2,0,10,1,2,0,1,14,6,3,1,0,15,7,2,0,0
PALM BEACH,WESTERN ACADEMY CHARTER SCHOOL,26.68271,-80.22880,523,54,4,12,10,5,3,2,11,12,6,4,4,13,14,11,1,3,9,22,8,1
PASCO,ACADEMY AT THE FARM,28.29607,-82.25076,588,61,10,10,7,7,3,5,7,9,11,4,13,10,10,6,4,12,9,14,8,1
PASCO,ATHENIAN ACADEMY OF TECHNOLOGY AND THE ARTS,28.20435,-82.69346,359,24,9,12,4,2,1,12,8,6,2,0,11,6,2,2,0,10,6,3,2,0
PASCO,CLASSICAL PREPARATORY SCHOOL,28.34324,-82.54023,836,83,9,13,8,3,0,14,10,9,2,0,17,13,16,3,1,21,11,11,3,0
PASCO,COUNTRYSIDE MONTESSORI ACADEMY,28.24224,-82.45793,344,22,1,7,6,4,0,2,4,8,2,2,1,7,2,6,2,3,5,4,4,2
PASCO,DAYSPRING ACADEMY,28.31535,-82.66723,779,54,14,12,6,3,1,12,7,13,1,2,12,10,14,2,0,13,11,10,3,0
PASCO,IMAGINE SCHOOL AT LAND O' LAKES,28.20084,-82.50455,803,53,7,20,7,6,0,12,10,12,5,0,9,18,11,5,0,13,12,11,6,1
PASCO,LEARNING LODGE ACADEMY,28.27271,-82.71761,218,53,6,20,7,2,0,20,10,3,1,1,9,15,7,4,1,8,11,10,6,1
PINELLAS,ATHENIAN ACADEMY,28.00437,-82.75351,511,29,8,3,1,0,0,4,6,2,0,0,8,3,1,0,1,6,5,1,0,1
PINELLAS,PINELLAS ACADEMY OF MATH AND SCIENCE,27.93277,-82.77386,812,41,5,5,3,0,1,6,5,3,0,0,8,10,4,1,0,9,6,6,2,0
PINELLAS,PINELLAS PREPARATORY ACADEMY,27.89557,-82.74730,440,37,7,8,6,5,0,7,5,10,4,1,5,14,13,2,0,9,11,6,5,3
PINELLAS,PINELLAS PRIMARY ACADEMY,27.89557,-82.74730,324,33,0,6,3,1,0,1,7,2,0,0,1,4,6,1,1,1,2,5,4,1
PINELLAS,PLATO ACADEMY CHARTER SCHOOL TARPON SPRINGS,28.15120,-82.70542,363,26,4,4,4,3,1,5,2,3,4,2,5,8,5,3,1,5,3,8,2,4
PINELLAS,PLATO ACADEMY CLEARWATER,27.97432,-82.75302,479,33,2,5,3,4,1,2,3,5,2,3,5,4,3,6,1,4,3,5,2,5
PINELLAS,PLATO ACADEMY LARGO CHARTER SCHOOL,27.90083,-82.73654,361,25,5,8,1,1,0,3,5,5,2,0,5,4,5,3,0,6,4,5,2,0
PINELLAS,PLATO ACADEMY OF ST.PETERSBURG,27.80746,-82.75314,382,34,4,3,7,3,3,5,6,4,4,1,8,8,3,3,2,7,6,6,3,2
PINELLAS,PLATO SEMINOLE,27.88692,-82.79053,363,25,5,3,2,4,0,2,3,4,3,2,12,2,0,3,0,7,5,3,1,1
POLK,BERKLEY ACCELERATED MIDDLE SCHOOL,28.14207,-81.82135,478,18,11,7,2,1,0,5,7,5,3,1,7,7,3,1,0,7,4,5,1,1
POLK,BERKLEY ELEMENTARY SCHOOL,28.14045,-81.82015,696,52,9,8,4,1,1,8,5,4,5,1,10,12,6,1,1,7,8,10,3,2
POLK,BOK ACADEMY,27.82645,-81.59669,600,43,23,8,3,2,0,14,11,8,3,0,18,14,4,2,1,20,7,6,3,2
POLK,COMPASS MIDDLE CHARTER SCHOOL,27.87956,-81.84019,123,34,24,12,2,0,0,25,7,5,2,0,24,9,0,0,0,23,8,0,1,0
POLK,DALE R FAIR BABSON PARK ELEMENTARY,27.83225,-81.52692,469,59,14,10,7,3,1,13,8,9,3,2,9,10,9,7,2,12,5,8,10,2
POLK,DISCOVERY ACADEMY OF LAKE ALFRED,28.10830,-81.72908,968,67,38,23,11,3,0,36,18,13,7,1,37,15,10,2,0,35,13,14,1,1
POLK,DISCOVERY HIGH SCHOOL,28.11014,-81.72299,682,48,9,4,2,0,1,10,1,2,2,1,19,6,8,2,0,26,3,6,0,0
POLK,HILLCREST ELEMENTARY SCHOOL,27.89517,-81.56719,675,50,14,5,4,5,0,12,3,4,5,4,14,5,2,3,1,13,4,1,4,3
POLK,JANIE HOWARD WILSON SCHOOL,27.91836,-81.59401,409,69,14,7,5,3,0,14,7,8,0,0,14,13,7,5,0,15,8,12,3,1
POLK,LAKE WALES SENIOR HIGH SCHOOL,27.91638,-81.58034,1571,139,28,19,3,2,1,18,7,9,1,1,31,14,9,2,0,24,10,12,1,0
POLK,MCKEEL ACADEMY OF TECHNOLOGY,28.05035,-81.98386,1522,67,10,11,10,2,0,12,11,9,0,1,17,17,13,4,0,15,11,11,3,3
POLK,MCKEEL ELEMENTARY ACADEMY,28.04825,-81.95666,621,23,10,7,5,1,0,8,4,9,1,1,2,6,4,2,0,1,4,5,3,1
POLK,POLK AVENUE ELEMENTARY SCHOOL,27.89613,-81.58815,516,70,18,11,3,0,0,21,5,5,1,0,18,14,7,2,0,24,6,8,3,0
POLK,RIDGEVIEW GLOBAL STUDIES ACADEMY,28.24667,-81.64654,1260,131,41,28,9,6,0,35,25,16,8,0,29,36,26,7,0,35,22,26,14,1
POLK,SOUTH MCKEEL ACADEMY,28.01194,-81.91480,1251,49,4,8,7,2,1,7,3,8,2,2,1,8,10,3,0,4,3,7,6,2
PUTNAM,PUTNAM ACADEMY OF ARTS AND SCIENCES,29.64562,-81.66290,198,17,10,4,2,0,0,8,5,3,0,0,6,5,3,1,0,8,2,5,0,0
PUTNAM,THE CHILDREN'S READING CENTER,29.64462,-81.70377,246,34,4,11,5,2,0,3,3,10,5,1,6,12,5,2,0,4,8,4,8,1
ST. LUCIE,RENAISSANCE CHARTER SCHOOL AT TRADITION,27.26562,-80.45852,1145,101,33,14,7,4,0,30,16,7,5,0,26,23,9,2,0,30,19,7,3,1
ST. LUCIE,RENAISSANCE CHARTER SCHOOL OF ST. LUCIE,27.32163,-80.37673,1290,79,13,11,5,0,2,11,10,5,4,1,15,13,8,3,0,19,8,6,5,1
ST. LUCIE,SOMERSET ACADEMY ST. LUCIE,27.21423,-80.37387,468,37,11,5,1,0,0,8,4,4,0,0,12,5,2,1,0,12,5,3,0,0
ST. LUCIE,SOMERSET COLLEGE PREPARATORY ACADEMY,27.33688,-80.39801,850,48,10,8,2,2,0,10,6,7,0,0,10,11,10,2,3,15,8,8,3,3
SANTA ROSA,LEARNING ACADEMY OF SANTA ROSA,30.64855,-87.04436,141,39,10,4,0,0,0,16,1,0,0,0,15,2,1,0,0,17,1,1,0,0
SARASOTA,IMAGINE SCHOOL AT NORTH PORT,27.08889,-82.15621,1186,116,27,20,9,5,2,21,16,9,8,0,28,26,9,10,2,34,23,16,3,3
SARASOTA,IMAGINE SCHOOL AT PALMER RANCH,27.26337,-82.48197,502,71,17,20,13,2,1,16,14,15,5,3,26,16,10,2,0,24,12,10,7,1
SARASOTA,ISLAND VILLAGE MONTESSORI SCHOOL,27.12444,-82.41771,662,94,22,15,10,2,3,23,13,10,3,3,25,17,8,7,2,26,11,14,6,1
SARASOTA,SARASOTA ACADEMY OF THE ARTS,27.33738,-82.47822,229,27,11,7,7,2,0,9,8,6,2,2,6,10,2,3,0,7,9,4,2,0
SARASOTA,SARASOTA MILITARY ACADEMY,27.34358,-82.53906,1378,200,52,63,24,5,3,56,33,39,9,3,64,50,22,6,1,62,34,33,5,3
SARASOTA,SARASOTA SCHOOL OF ARTS/SCIENCES,27.34200,-82.54297,750,98,33,28,17,8,4,28,28,22,7,5,29,37,20,9,5,19,33,28,10,9
SARASOTA,SARASOTA SUNCOAST ACADEMY,27.26091,-82.41125,670,78,10,10,13,2,1,14,10,10,2,0,10,15,9,6,0,11,11,11,5,2
SARASOTA,SKY ACADEMY ENGLEWOOD,26.96347,-82.33248,280,40,11,6,5,3,0,3,11,6,3,1,14,10,6,1,0,12,8,7,3,2
SARASOTA,SKY ACADEMY VENICE,27.08067,-82.39996,166,18,5,6,5,0,0,2,9,3,2,0,10,5,2,0,0,8,4,5,0,0
SARASOTA,STUDENT LEADERSHIP ACADEMY,27.08144,-82.44187,253,33,20,8,8,0,0,8,12,11,5,0,13,10,6,3,0,9,8,8,6,1
SARASOTA,SUNCOAST SCHOOL FOR INNOVATIVE STUDIES,27.32754,-82.52545,375,58,18,17,11,1,0,20,18,8,2,0,18,17,8,1,1,20,16,5,4,0
SEMINOLE,CHOICES IN LEARNING CHARTER,28.70584,-81.27136,698,72,1,7,17,9,4,1,8,12,11,6,3,14,15,17,1,3,6,21,12,8
SEMINOLE,GALILEO SCHOOL FOR GIFTED LEARNING,28.81371,-81.31921,586,93,18,24,17,15,3,19,22,16,10,8,16,32,12,14,2,13,22,18,12,11
SEMINOLE,SEMINOLE SCIENCE CHARTER SCHOOL,28.73391,-81.30688,514,25,4,4,3,2,1,3,2,8,0,1,5,6,1,2,4,5,4,2,2,5
SUMTER,VILLAGES CHARTER SCHOOL,28.92301,-82.02009,3215,274,59,53,35,11,8,54,46,31,21,11,42,60,28,21,7,31,51,37,26,11
VOLUSIA,BURNS SCIENCE AND TECHNOLOGY CHARTER SCHOOL,28.86723,-80.85153,452,35,9,4,5,2,0,8,6,5,1,0,11,7,4,2,1,12,7,6,0,0
VOLUSIA,IVY HAWN CHARTER SCHOOL OF THE ARTS,28.97640,-81.23065,948,99,17,18,11,6,0,22,15,10,5,0,34,26,16,6,0,40,19,17,6,0
VOLUSIA,RICHARD MILBURN ACADEMY,29.21894,-81.04927,294,73,14,0,0,0,0,11,0,0,0,0,15,0,0,0,0,17,1,0,0,0
VOLUSIA,SAMSULA ACADEMY,29.02257,-81.05155,242,39,8,7,4,0,0,10,6,1,2,0,3,8,7,0,0,10,4,3,1,0
VOLUSIA,THE READING EDGE ACADEMY,28.89518,-81.28277,294,38,9,3,3,0,0,9,4,2,1,0,8,2,2,0,0,6,6,0,0,0
WAKULLA,WAKULLA COAST CHARTER SCHOOL OF ARTS SCIENCE & TECHNOLOGY,30.16149,-84.20807,141,24,9,3,2,0,1,6,5,3,0,1,9,3,1,1,0,10,3,1,0,0
WALTON,SEASIDE NEIGHBORHOOD SCHOOL,30.32088,-86.13843,357,14,4,4,5,0,0,1,0,6,5,2,5,4,1,1,0,2,1,1,7,2
