District Name,School Name,Lat,Long,Total Students,Total SWD,e,s,m,sc,te,ts,tm,tsc
ALACHUA,A. L. MEBANE MIDDLE SCHOOL,29.80495,-82.49294,363,43,4,2,4,1,174,73,166,41
ALACHUA,EASTSIDE HIGH SCHOOL,29.63991,-82.26866,1323,174,14,8,9,5,322,178,125,185
ALACHUA,F. W. BUCHHOLZ HIGH SCHOOL,29.67867,-82.40159,2286,214,23,21,24,25,765,353,400,431
ALACHUA,FORT CLARKE MIDDLE SCHOOL,29.67324,-82.44191,1029,138,18,12,22,4,535,208,556,192
ALACHUA,GAINESVILLE HIGH SCHOOL,29.66946,-82.34108,1888,206,11,10,10,9,495,275,252,276
ALACHUA,HAWTHORNE MIDDLE/HIGH SCHOOL,29.59066,-82.09257,354,72,13,7,10,5,79,51,90,26
ALACHUA,HIGH SPRINGS COMMUNITY SCHOOL,29.83440,-82.59042,956,124,26,8,26,11,389,92,422,132
ALACHUA,HOWARD W. BISHOP MIDDLE SCHOOL,29.66905,-82.31252,692,80,11,4,11,5,375,138,375,118
ALACHUA,KANAPAHA MIDDLE SCHOOL,29.60709,-82.42023,1056,127,18,7,21,6,559,252,630,159
ALACHUA,NEWBERRY HIGH SCHOOL,29.64327,-82.61452,653,84,7,11,10,0,172,106,102,101
ALACHUA,OAK VIEW MIDDLE SCHOOL,29.63680,-82.60563,899,101,21,8,19,11,546,193,539,213
ALACHUA,SANTA FE HIGH SCHOOL,29.80726,-82.52440,1086,112,6,9,7,7,250,145,189,110
ALACHUA,WESTWOOD MIDDLE SCHOOL,29.66540,-82.37057,1093,167,27,26,24,6,538,235,553,179
BAKER,BAKER COUNTY MIDDLE SCHOOL,30.27537,-82.11890,1195,132,34,19,42,11,557,271,645,188
BAKER,BAKER COUNTY SENIOR HIGH SCHOOL,30.27952,-82.15473,1385,139,18,15,25,13,341,222,289,241
BAY,A. CRAWFORD MOSLEY HIGH SCHOOL,30.20851,-85.64328,1802,176,18,29,20,9,485,327,330,311
BAY,BAY HIGH SCHOOL,30.16973,-85.66020,1223,182,27,8,24,7,249,146,159,115
BAY,BREAKFAST POINT ACADEMY,30.18771,-85.82171,1143,218,30,11,51,11,402,116,450,139
BAY,DEANE BOZEMAN SCHOOL,30.39392,-85.68657,1265,290,76,37,69,25,457,230,456,156
BAY,EVERITT MIDDLE SCHOOL,30.15935,-85.61548,689,158,31,17,30,10,205,102,188,63
BAY,J.R. ARNOLD HIGH SCHOOL,30.20388,-85.81375,1674,229,22,16,17,35,384,187,276,239
BAY,JINKS MIDDLE SCHOOL,30.16973,-85.66831,558,138,15,11,18,4,113,51,125,34
BAY,MERRITT BROWN MIDDLE SCHOOL,30.24198,-85.56203,762,181,31,21,41,10,246,126,245,74
BAY,MOWAT MIDDLE SCHOOL,30.22788,-85.65569,1097,163,35,28,34,6,502,252,516,145
BAY,RUTHERFORD HIGH SCHOOL,30.16599,-85.61506,1004,156,7,14,12,1,132,107,102,65
BAY,SURFSIDE MIDDLE SCHOOL,30.20867,-85.85231,755,116,34,20,43,13,429,163,467,144
BRADFORD,BRADFORD HIGH SCHOOL,29.94995,-82.10947,787,145,9,16,6,7,136,119,95,93
BRADFORD,BRADFORD MIDDLE SCHOOL,29.95038,-82.11512,667,150,17,9,31,6,255,104,322,73
BREVARD,ANDREW JACKSON MIDDLE SCHOOL,28.56947,-80.82068,549,97,22,23,23,9,300,213,336,117
BREVARD,ASTRONAUT HIGH SCHOOL,28.62483,-80.85078,1074,161,15,12,11,10,240,144,106,124
BREVARD,BAYSIDE HIGH SCHOOL,27.95104,-80.67620,1706,256,23,15,25,30,420,209,263,249
BREVARD,CENTRAL MIDDLE SCHOOL,28.06242,-80.66336,1193,218,37,41,48,10,602,400,656,257
BREVARD,COCOA BEACH JUNIOR/SENIOR HIGH SCHOOL,28.31800,-80.63060,1013,95,27,16,21,15,444,254,309,218
BREVARD,COCOA HIGH SCHOOL,28.38432,-80.76925,1576,317,23,20,41,26,348,218,317,257
BREVARD,DELAURA MIDDLE SCHOOL,28.18335,-80.59711,819,94,21,29,39,9,608,364,695,270
BREVARD,EAU GALLIE HIGH SCHOOL,28.13093,-80.64773,1676,297,23,32,27,24,408,265,225,259
BREVARD,HERBERT C. HOOVER MIDDLE SCHOOL,28.10204,-80.57427,506,78,27,20,22,10,319,189,341,145
BREVARD,HERITAGE HIGH SCHOOL,27.99893,-80.74416,1830,264,20,15,18,19,455,249,295,279
BREVARD,JAMES MADISON MIDDLE SCHOOL,28.63528,-80.84916,495,96,18,19,17,5,172,165,229,91
BREVARD,JOHN F. KENNEDY MIDDLE SCHOOL,28.32521,-80.74155,611,108,19,16,25,6,372,207,424,173
BREVARD,LYNDON B. JOHNSON MIDDLE SCHOOL,28.14225,-80.65395,736,123,24,18,32,12,396,218,461,177
BREVARD,MELBOURNE SENIOR HIGH SCHOOL,28.09072,-80.61965,2113,218,27,28,18,25,649,284,333,419
BREVARD,MERRITT ISLAND HIGH SCHOOL,28.37613,-80.69876,1539,205,25,9,24,9,427,236,207,239
BREVARD,PALM BAY MAGNET SENIOR HIGH SCHOOL,28.04839,-80.61777,1543,280,16,15,12,22,280,210,169,200
BREVARD,ROCKLEDGE SENIOR HIGH SCHOOL,28.34080,-80.72595,1516,220,23,17,12,25,410,231,210,284
BREVARD,RONALD MCNAIR MAGNET MIDDLE SCHOOL,28.34749,-80.73741,479,87,17,23,18,7,267,193,262,89
BREVARD,SATELLITE SENIOR HIGH SCHOOL,28.18686,-80.59703,1327,141,20,21,21,26,418,243,287,260
BREVARD,SOUTHWEST MIDDLE SCHOOL,27.99032,-80.65978,833,174,30,20,32,16,389,239,413,166
BREVARD,SPACE COAST JUNIOR/SENIOR HIGH SCHOOL,28.47643,-80.82830,1586,256,28,32,49,18,549,323,547,284
BREVARD,STONE MAGNET MIDDLE SCHOOL,28.06188,-80.60284,791,140,29,26,30,12,353,227,351,143
BREVARD,THOMAS JEFFERSON MIDDLE SCHOOL,28.33361,-80.68615,660,115,25,24,36,9,392,242,443,182
BREVARD,TITUSVILLE HIGH SCHOOL,28.59129,-80.80363,1381,180,18,13,10,15,365,243,172,209
BREVARD,VIERA HIGH SCHOOL,28.25246,-80.73511,2157,203,33,27,26,30,809,407,438,448
BROWARD,ANNABEL C. PERRY PK-8,25.97892,-80.22510,733,146,15,1,13,2,193,38,200,47
BROWARD,APOLLO MIDDLE SCHOOL,26.02022,-80.22585,1399,213,58,31,56,16,670,246,664,207
BROWARD,ATTUCKS MIDDLE SCHOOL,26.04414,-80.15381,806,126,36,16,31,8,339,161,337,99
BROWARD,BAIR MIDDLE SCHOOL,26.15121,-80.27037,902,146,33,23,39,12,395,196,424,116
BROWARD,BEACHSIDE MONTESSORI VILLAGE,26.01676,-80.15225,787,97,58,10,55,19,434,86,439,144
BROWARD,BLANCHE ELY HIGH SCHOOL,26.24206,-80.13342,2036,200,11,10,12,11,331,262,126,173
BROWARD,BOYD H. ANDERSON HIGH SCHOOL,26.17795,-80.18573,1712,221,19,12,15,12,184,99,134,111
BROWARD,CHARLES W FLANAGAN HIGH SCHOOL,26.02064,-80.32237,2519,248,34,27,39,23,693,406,536,325
BROWARD,COCONUT CREEK HIGH SCHOOL,26.24653,-80.18294,1524,224,21,21,18,17,216,234,186,138
BROWARD,COOPER CITY HIGH SCHOOL,26.04626,-80.27337,2341,283,48,32,53,40,791,425,616,390
BROWARD,CORAL GLADES HIGH SCHOOL,26.26348,-80.29482,2454,320,39,34,21,22,630,378,419,272
BROWARD,CORAL SPRINGS HIGH SCHOOL,26.27416,-80.22095,2811,340,35,22,34,28,571,408,438,280
BROWARD,CORAL SPRINGS MIDDLE SCHOOL,26.28631,-80.26449,1155,177,37,37,40,12,689,324,682,188
BROWARD,CORAL SPRINGS PK-8,26.27457,-80.27151,693,170,10,2,12,1,131,12,138,23
BROWARD,CRYSTAL LAKE MIDDLE SCHOOL,26.27269,-80.11840,1413,156,24,17,19,8,528,252,459,137
BROWARD,CYPRESS BAY HIGH SCHOOL,26.06551,-80.39752,4797,322,68,50,68,32,1852,822,1378,809
BROWARD,DEERFIELD BEACH HIGH SCHOOL,26.29539,-80.11761,2439,298,26,25,15,21,434,305,272,261
BROWARD,DEERFIELD BEACH MIDDLE SCHOOL,26.31024,-80.09711,1176,203,44,22,43,15,460,176,468,152
BROWARD,DILLARD  6-12,26.13961,-80.17692,2258,260,22,14,36,19,424,276,355,218
BROWARD,DRIFTWOOD MIDDLE SCHOOL,26.03617,-80.22835,1384,256,52,27,42,19,714,334,645,196
BROWARD,EVERGLADES HIGH SCHOOL,25.96896,-80.37332,2338,275,48,26,38,30,645,457,395,375
BROWARD,FALCON COVE MIDDLE SCHOOL,26.06340,-80.39618,2299,178,77,35,80,12,1800,611,1823,528
BROWARD,FOREST GLEN MIDDLE SCHOOL,26.28523,-80.21426,1354,220,47,39,57,8,761,281,761,201
BROWARD,FORT LAUDERDALE HIGH SCHOOL,26.14945,-80.13924,2133,201,39,20,36,21,713,329,455,357
BROWARD,GLADES MIDDLE SCHOOL,25.96928,-80.36821,1392,197,52,40,58,15,875,397,879,226
BROWARD,GULFSTREAM ACADEMY OF HALLANDALE BEACH,25.98134,-80.16176,1591,218,27,18,35,6,441,119,481,134
BROWARD,HALLANDALE HIGH SCHOOL,25.99334,-80.16257,1233,151,12,5,10,10,159,129,116,96
BROWARD,HOLLYWOOD HILLS HIGH SCHOOL,26.04613,-80.19834,1912,253,24,17,20,11,392,221,241,129
BROWARD,INDIAN RIDGE MIDDLE SCHOOL,26.10352,-80.28396,1985,322,90,64,111,28,1281,526,1404,387
BROWARD,J. P. TARAVELLA HIGH SCHOOL,26.23235,-80.26791,3107,356,29,32,34,34,632,559,432,414
BROWARD,JAMES S. RICKARDS MIDDLE SCHOOL,26.20173,-80.13428,888,155,27,15,23,7,351,195,338,94
BROWARD,LAUDERDALE LAKES MIDDLE SCHOOL,26.17480,-80.18382,866,130,21,16,24,4,252,146,323,111
BROWARD,LAUDERHILL 6-12,26.15000,-80.21736,864,124,14,8,11,3,225,149,179,65
BROWARD,LYONS CREEK MIDDLE SCHOOL,26.31086,-80.18162,1952,258,43,42,69,17,1074,540,1242,331
BROWARD,MARGATE MIDDLE SCHOOL,26.23642,-80.21105,1211,200,39,26,49,15,535,225,502,160
BROWARD,MARJORY STONEMAN DOUGLAS HIGH SCHOOL,26.30450,-80.26946,3303,312,48,47,38,36,1134,486,691,583
BROWARD,MCARTHUR HIGH SCHOOL,26.01189,-80.21620,2069,304,27,21,27,20,370,288,269,162
BROWARD,MCNICOL MIDDLE SCHOOL,25.99693,-80.16171,743,112,19,16,19,9,250,162,279,88
BROWARD,MILLENNIUM 6-12 COLLEGIATE ACADEMY,26.19669,-80.27795,1639,200,39,28,32,3,847,352,791,210
BROWARD,MIRAMAR HIGH SCHOOL,25.97595,-80.26063,2415,267,19,22,24,7,404,341,241,215
BROWARD,MONARCH HIGH SCHOOL,26.28503,-80.19303,2443,320,42,30,36,33,613,360,391,319
BROWARD,NEW RENAISSANCE MIDDLE SCHOOL,25.98800,-80.28847,1193,187,25,24,27,4,431,212,460,122
BROWARD,NEW RIVER MIDDLE SCHOOL,26.09048,-80.18633,1591,226,42,20,43,8,674,289,723,197
BROWARD,NORTH LAUDERDALE PK-8,26.21623,-80.22642,785,102,5,1,13,1,100,9,169,30
BROWARD,NORTHEAST HIGH SCHOOL,26.19556,-80.13743,1672,225,22,18,14,19,253,183,142,189
BROWARD,NOVA HIGH SCHOOL,26.07554,-80.23783,2222,184,21,26,16,17,783,426,557,334
BROWARD,NOVA MIDDLE SCHOOL,26.07589,-80.23778,1292,155,38,15,40,13,793,299,794,229
BROWARD,OLSEN MIDDLE SCHOOL,26.03644,-80.13894,665,117,28,11,29,9,185,79,213,68
BROWARD,PARKWAY MIDDLE SCHOOL,26.12670,-80.19624,1488,167,32,14,37,7,535,204,541,183
BROWARD,PINES MIDDLE SCHOOL,26.01158,-80.26635,846,132,19,8,13,9,356,167,271,117
BROWARD,PIONEER MIDDLE SCHOOL,26.05086,-80.26774,1494,213,90,43,98,18,1075,427,1128,288
BROWARD,PIPER HIGH SCHOOL,26.17875,-80.25742,2411,279,29,13,23,23,367,266,258,275
BROWARD,PLANTATION HIGH SCHOOL,26.14511,-80.24087,2025,225,21,19,23,18,335,244,244,246
BROWARD,PLANTATION MIDDLE SCHOOL,26.13675,-80.23966,701,93,21,5,17,3,291,115,265,86
BROWARD,POMPANO BEACH MIDDLE SCHOOL,26.23615,-80.12056,1078,145,32,9,30,10,451,185,459,130
BROWARD,RAMBLEWOOD MIDDLE SCHOOL,26.23703,-80.23866,1239,201,64,54,64,18,695,354,731,212
BROWARD,SAWGRASS SPRINGS MIDDLE SCHOOL,26.27151,-80.29446,1202,187,35,26,59,9,639,251,759,220
BROWARD,SEMINOLE MIDDLE SCHOOL,26.10132,-80.23203,1122,209,49,26,48,12,638,249,617,189
BROWARD,SILVER LAKES MIDDLE SCHOOL,26.21391,-80.22725,700,127,27,21,37,5,237,89,250,72
BROWARD,SILVER TRAIL MIDDLE SCHOOL,26.02829,-80.39137,1467,263,102,47,105,22,1044,404,1099,287
BROWARD,SOUTH BROWARD HIGH SCHOOL,26.02924,-80.14098,2316,239,26,13,16,26,573,360,287,223
BROWARD,SOUTH PLANTATION HIGH SCHOOL,26.10242,-80.22126,2262,300,36,23,40,19,529,310,282,242
BROWARD,STRANAHAN HIGH SCHOOL,26.11402,-80.16592,1403,156,10,12,11,5,242,117,155,127
BROWARD,SUNRISE MIDDLE SCHOOL,26.14372,-80.12337,1341,178,47,20,54,12,730,290,722,165
BROWARD,TEQUESTA TRACE MIDDLE SCHOOL,26.10581,-80.39303,1615,213,71,38,81,23,1131,401,1186,355
BROWARD,WALTER C. YOUNG MIDDLE SCHOOL,26.01401,-80.32170,1113,169,45,30,45,13,678,268,664,221
BROWARD,WEST BROWARD HIGH SCHOOL,26.01214,-80.43036,2682,305,59,44,53,34,910,526,612,508
BROWARD,WESTERN HIGH SCHOOL,26.10420,-80.32806,3384,403,73,51,73,56,1046,590,722,500
BROWARD,WESTGLADES MIDDLE SCHOOL,26.30461,-80.27333,1794,179,64,39,76,23,1333,525,1416,436
BROWARD,WESTPINE MIDDLE SCHOOL,26.18742,-80.27401,1024,147,34,27,44,11,467,217,485,134
BROWARD,WILLIAM DANDY MIDDLE SCHOOL,26.15713,-80.17573,967,125,21,10,20,7,333,173,341,134
CALHOUN,ALTHA PUBLIC SCHOOL,30.57368,-85.12622,635,115,19,10,18,11,215,68,196,89
CALHOUN,BLOUNTSTOWN MIDDLE SCHOOL,30.44850,-85.04655,314,67,19,14,24,7,182,83,202,53
CHARLOTTE,CHARLOTTE HIGH SCHOOL,26.92846,-82.03747,1929,296,34,41,37,30,446,359,334,305
CHARLOTTE,L. A. AINGER MIDDLE SCHOOL,26.91374,-82.28714,603,114,32,24,46,9,336,179,405,112
CHARLOTTE,LEMON BAY HIGH SCHOOL,26.92648,-82.33161,1085,154,26,23,34,21,321,182,274,208
CHARLOTTE,MURDOCK MIDDLE SCHOOL,27.00260,-82.16259,683,146,35,22,28,11,315,143,292,136
CHARLOTTE,PORT CHARLOTTE HIGH SCHOOL,27.00517,-82.15114,1680,318,35,29,30,27,328,243,236,227
CHARLOTTE,PORT CHARLOTTE MIDDLE SCHOOL,27.00043,-82.07628,826,208,65,54,100,24,417,234,533,155
CHARLOTTE,PUNTA GORDA MIDDLE SCHOOL,26.92855,-82.03436,1169,232,44,40,61,12,527,308,661,190
CITRUS,CITRUS HIGH SCHOOL,28.83375,-82.33920,1437,175,11,16,16,19,344,228,211,255
CITRUS,CITRUS SPRINGS MIDDLE SCHOOL,28.97263,-82.43302,804,107,20,22,25,7,430,223,472,121
CITRUS,CRYSTAL RIVER HIGH SCHOOL,28.90706,-82.57998,1309,143,15,10,14,18,287,197,224,291
CITRUS,CRYSTAL RIVER MIDDLE SCHOOL,28.90129,-82.58684,855,120,23,20,26,4,408,174,400,116
CITRUS,INVERNESS MIDDLE SCHOOL,28.84706,-82.34152,1064,140,37,27,42,7,539,268,635,136
CITRUS,LECANTO MIDDLE SCHOOL,28.81915,-82.49634,773,91,20,17,25,8,407,189,457,150
CLAY,CLAY HIGH SCHOOL,29.98207,-81.71222,1471,290,41,25,30,36,421,238,312,291
CLAY,FLEMING ISLAND HIGH SCHOOL,30.08713,-81.71271,2164,190,28,30,40,22,723,361,460,429
CLAY,GREEN COVE SPRINGS JUNIOR HIGH SCHOOL,29.99039,-81.69057,771,143,41,34,68,26,479,307,579,248
CLAY,KEYSTONE HEIGHTS JUNIOR/SENIOR HIGH,29.77940,-82.04143,1203,263,38,30,41,28,386,248,400,232
CLAY,LAKE ASBURY JUNIOR HIGH SCHOOL,30.04421,-81.80537,1109,268,79,70,86,52,680,481,685,393
CLAY,LAKESIDE JUNIOR HIGH SCHOOL,30.15064,-81.74379,834,167,52,57,62,23,559,403,596,261
CLAY,MIDDLEBURG HIGH SCHOOL,30.08860,-81.85121,1742,351,30,42,42,30,478,313,389,299
CLAY,OAKLEAF HIGH SCHOOL,30.17259,-81.83451,2552,266,33,31,28,42,760,464,571,508
CLAY,OAKLEAF JUNIOR HIGH,30.17134,-81.83559,1113,141,32,40,38,24,635,460,692,361
CLAY,ORANGE PARK HIGH SCHOOL,30.16240,-81.74472,1623,254,22,30,9,18,362,210,239,239
CLAY,ORANGE PARK JUNIOR HIGH SCHOOL,30.16879,-81.72669,765,132,35,38,35,16,403,287,387,219
CLAY,R. C. BANNERMAN LEARNING CENTER,29.99755,-81.69053,195,81,5,4,3,3,6,7,3,4
CLAY,RIDGEVIEW HIGH SCHOOL,30.13220,-81.79415,1517,309,56,42,53,34,427,263,270,275
CLAY,WILKINSON JUNIOR HIGH SCHOOL,30.08305,-81.94335,731,176,35,38,54,17,323,257,415,171
COLLIER,BARRON COLLIER HIGH SCHOOL,26.21675,-81.76130,1727,181,18,19,22,17,561,322,376,363
COLLIER,CORKSCREW MIDDLE SCHOOL,26.29327,-81.58870,822,145,25,12,40,12,479,186,535,170
COLLIER,CYPRESS PALM MIDDLE SCHOOL,26.26368,-81.52169,715,122,21,17,28,8,346,148,375,108
COLLIER,EAST NAPLES MIDDLE SCHOOL,26.14138,-81.75859,1003,143,15,21,35,6,423,208,500,131
COLLIER,GOLDEN GATE HIGH SCHOOL,26.16680,-81.69984,1830,188,20,26,29,10,366,262,398,250
COLLIER,GOLDEN GATE MIDDLE SCHOOL,26.17729,-81.70520,1096,155,36,20,57,14,472,220,646,151
COLLIER,GULF COAST HIGH SCHOOL,26.27067,-81.70832,2362,204,40,39,42,17,821,485,527,422
COLLIER,GULFVIEW MIDDLE SCHOOL,26.14482,-81.79797,645,94,31,10,39,6,470,184,521,128
COLLIER,IMMOKALEE HIGH SCHOOL,26.42438,-81.42283,1756,220,13,7,12,9,253,248,234,174
COLLIER,IMMOKALEE MIDDLE SCHOOL,26.42388,-81.42704,1617,283,22,35,60,11,502,319,686,148
COLLIER,LELY HIGH SCHOOL,26.08708,-81.71760,1752,217,26,13,38,14,358,285,346,193
COLLIER,LORENZO WALKER TECHNICAL HIGH SCHOOL,26.14125,-81.76373,597,48,12,8,9,11,252,139,129,144
COLLIER,MANATEE MIDDLE SCHOOL,26.04594,-81.67794,913,149,42,16,64,18,403,179,533,126
COLLIER,NAPLES HIGH SCHOOL,26.17184,-81.79747,1797,268,25,31,53,21,491,327,350,313
COLLIER,NORTH NAPLES MIDDLE SCHOOL,26.29597,-81.76717,902,134,53,33,75,21,687,261,736,209
COLLIER,OAKRIDGE MIDDLE SCHOOL,26.26508,-81.69078,1201,130,30,17,38,8,799,306,860,247
COLLIER,PALMETTO RIDGE HIGH SCHOOL,26.29639,-81.57612,1971,268,30,25,38,29,531,307,424,375
COLLIER,PINE RIDGE MIDDLE SCHOOL,26.21484,-81.78765,1040,110,45,20,53,15,756,294,790,247
COLUMBIA,COLUMBIA HIGH SCHOOL,30.14818,-82.63683,1957,279,19,27,26,18,449,259,330,287
COLUMBIA,FORT WHITE HIGH SCHOOL,29.93121,-82.71161,1164,172,29,23,36,8,402,247,440,200
COLUMBIA,LAKE CITY MIDDLE SCHOOL,30.17824,-82.65451,991,154,28,26,21,12,477,339,532,227
MIAMI-DADE,ALONZO & TRACY MOURNING SENIOR HIGH SCHOOL,25.91495,-80.16753,1716,110,19,11,14,16,485,283,337,251
MIAMI-DADE,AMERICAN SENIOR HIGH SCHOOL,25.93945,-80.30852,2010,240,24,14,17,13,336,229,272,197
MIAMI-DADE,ARTHUR AND POLLY MAYS CONSERVATORY OF THE ARTS,25.56582,-80.37982,600,73,13,6,14,7,265,117,223,104
MIAMI-DADE,ARVIDA MIDDLE SCHOOL,25.66667,-80.40132,1430,117,43,20,55,12,1066,407,1110,288
MIAMI-DADE,AVENTURA WATERWAYS K-8 CENTER,25.97066,-80.14944,2134,160,49,10,49,15,991,217,959,280
MIAMI-DADE,BARBARA GOLEMAN SENIOR HIGH,25.90239,-80.34569,2160,208,18,17,26,16,709,315,483,273
MIAMI-DADE,BIOTECH@RICHMOND HEIGHTS 9-12 HIGH SCHOOL,25.62979,-80.35937,409,57,17,8,8,11,161,46,79,84
MIAMI-DADE,BOB GRAHAM EDUCATION CENTER,25.91769,-80.32621,1623,173,53,11,60,17,806,174,852,211
MIAMI-DADE,BOOKER T. WASHINGTON SENIOR HIGH,25.78632,-80.20470,939,145,9,19,26,11,85,87,78,80
MIAMI-DADE,BOWMAN ASHE/DOOLIN K-8 ACADEMY,25.70401,-80.44175,949,122,17,9,22,3,377,62,380,131
MIAMI-DADE,BROWNSVILLE MIDDLE SCHOOL,25.81945,-80.23554,374,74,28,13,31,9,85,60,120,36
MIAMI-DADE,CAMPBELL DRIVE K-8 CENTER,25.48113,-80.44577,1044,180,25,7,39,8,222,56,307,62
MIAMI-DADE,CAROL CITY MIDDLE SCHOOL,25.94614,-80.26239,363,51,4,4,9,5,78,52,117,39
MIAMI-DADE,CARRIE P. MEEK/WESTVIEW K-8 CENTER,25.89042,-80.23460,692,133,32,8,33,4,158,50,185,38
MIAMI-DADE,CITRUS GROVE MIDDLE SCHOOL,25.77755,-80.23019,740,146,32,21,45,13,159,121,145,59
MIAMI-DADE,COCONUT PALM K-8 ACADEMY,25.54131,-80.39341,1410,145,18,8,34,7,333,98,410,119
MIAMI-DADE,CORAL GABLES SENIOR HIGH SCHOOL,25.73377,-80.26321,3231,305,33,26,14,15,857,480,424,392
MIAMI-DADE,CORAL REEF SENIOR HIGH SCHOOL,25.63014,-80.35629,3413,188,51,27,45,29,1540,669,724,626
MIAMI-DADE,CORAL WAY K-8 CENTER,25.75387,-80.21660,1252,119,29,6,31,6,537,102,564,159
MIAMI-DADE,COUNTRY CLUB MIDDLE SCHOOL,25.93963,-80.32256,660,85,14,15,15,7,210,141,168,77
MIAMI-DADE,CUTLER BAY MIDDLE,25.58819,-80.34966,831,221,75,36,79,19,293,170,287,91
MIAMI-DADE,DAVID LAWRENCE JR. K-8 CENTER,25.90721,-80.14109,1461,144,30,9,39,9,555,121,568,157
MIAMI-DADE,DEVON AIRE K-8 CENTER,25.66908,-80.39031,1466,162,45,15,54,15,740,158,749,224
MIAMI-DADE,DR. MICHAEL M. KROP SENIOR HIGH,25.97357,-80.17476,2561,169,24,21,27,17,638,415,353,337
MIAMI-DADE,DR. ROLANDO ESPINOSA K-8 CENTER,25.85109,-80.38085,1192,104,8,6,8,1,366,84,417,109
MIAMI-DADE,EDISON PARK K-8 CENTER,25.83580,-80.20483,492,104,29,7,32,7,98,33,124,21
MIAMI-DADE,ERNEST R. GRAHAM K-8 ACADEMY,25.88834,-80.34876,1209,124,36,13,51,12,505,101,529,144
MIAMI-DADE,EUGENIA B. THOMAS K-8 CENTER,25.82749,-80.38298,1637,103,40,7,38,4,659,123,611,189
MIAMI-DADE,EVERGLADES K-8 CENTER,25.75574,-80.33045,987,214,46,13,55,14,414,101,401,117
MIAMI-DADE,FELIX VARELA SENIOR HIGH SCHOOL,25.67884,-80.44292,2413,325,40,29,40,31,503,351,376,309
MIAMI-DADE,G. HOLMES BRADDOCK SENIOR HIGH,25.73493,-80.42999,3102,377,43,31,26,28,763,512,339,302
MIAMI-DADE,GATEWAY ENVIRONMENTAL K-8 LEARNING CENTER,25.46078,-80.45065,1669,198,33,7,38,8,434,90,414,143
MIAMI-DADE,GEORGIA JONES AYERS MIDDLE SCHOOL,25.81764,-80.21851,423,81,6,10,6,1,62,86,86,24
MIAMI-DADE,GLADES MIDDLE SCHOOL,25.70957,-80.34763,825,140,33,30,39,6,475,187,498,140
MIAMI-DADE,HAMMOCKS MIDDLE SCHOOL,25.67448,-80.44185,690,95,28,16,21,8,319,171,337,145
MIAMI-DADE,HENRY H. FILER MIDDLE SCHOOL,25.84844,-80.29321,614,70,8,10,8,5,208,134,207,88
MIAMI-DADE,HIALEAH GARDENS MIDDLE SCHOOL,25.88020,-80.34794,1685,78,30,19,37,9,1187,490,1158,387
MIAMI-DADE,HIALEAH GARDENS SENIOR HIGH SCHOOL,25.87980,-80.35327,2741,168,26,19,16,16,676,413,255,200
MIAMI-DADE,HIALEAH MIDDLE SCHOOL,25.87761,-80.26821,910,205,66,49,68,21,414,211,389,129
MIAMI-DADE,HIALEAH SENIOR HIGH SCHOOL,25.86577,-80.27613,2086,312,26,36,27,23,321,266,183,174
MIAMI-DADE,HIALEAH-MIAMI LAKES SENIOR HIGH,25.89509,-80.30663,1561,250,42,28,57,34,318,236,245,212
MIAMI-DADE,HIGHLAND OAKS MIDDLE SCHOOL,25.96400,-80.15425,989,90,37,10,29,16,602,218,475,275
MIAMI-DADE,HOMESTEAD MIDDLE SCHOOL,25.47640,-80.48237,616,137,47,22,48,11,154,91,192,56
MIAMI-DADE,HOMESTEAD SENIOR HIGH SCHOOL,25.45046,-80.45893,2050,429,51,51,45,31,257,240,217,229
MIAMI-DADE,HORACE MANN MIDDLE SCHOOL,25.85668,-80.20227,594,69,5,5,7,2,171,83,158,54
MIAMI-DADE,HOWARD D. MCMILLAN MIDDLE SCHOOL,25.71193,-80.40604,1015,143,52,26,59,14,679,324,712,202
MIAMI-DADE,IRVING & BEATRICE PESKOE K-8 CENTER,25.58799,-80.42552,900,140,22,11,26,7,269,60,298,86
MIAMI-DADE,JANE S. ROBERTS K-8 CENTER,25.71586,-80.43473,811,176,71,12,67,13,416,52,420,116
MIAMI-DADE,JOHN A. FERGUSON SENIOR HIGH,25.71270,-80.45202,4341,393,55,57,59,38,1411,815,890,624
MIAMI-DADE,JOHN F. KENNEDY MIDDLE SCHOOL,25.92995,-80.17808,1033,88,21,15,25,7,524,251,472,231
MIAMI-DADE,JOHN I. SMITH K-8 CENTER,25.82090,-80.36432,1756,199,52,9,60,9,628,104,671,158
MIAMI-DADE,JORGE MAS CANOSA MIDDLE SCHOOL,25.63407,-80.44848,1718,305,74,36,102,29,976,416,1043,331
MIAMI-DADE,JOSE DE DIEGO MIDDLE SCHOOL,25.80579,-80.20363,878,189,43,18,50,18,167,130,168,73
MIAMI-DADE,KENWOOD K-8 CENTER,25.68458,-80.32450,1096,147,30,9,30,9,487,89,517,142
MIAMI-DADE,KINLOCH PARK MIDDLE SCHOOL,25.77397,-80.26671,716,135,28,23,29,7,233,143,230,62
MIAMI-DADE,LAKE STEVENS MIDDLE SCHOOL,25.94159,-80.28141,536,70,5,7,6,1,147,97,180,39
MIAMI-DADE,LAMAR LOUISE CURRY MIDDLE SCHOOL,25.71972,-80.44896,1202,136,41,21,50,10,811,310,792,239
MIAMI-DADE,LAWTON CHILES MIDDLE SCHOOL,25.95129,-80.33361,800,123,23,16,25,6,425,191,448,126
MIAMI-DADE,LEEWOOD K-8 CENTER,25.65512,-80.36211,772,78,20,9,20,2,370,74,378,106
MIAMI-DADE,LEISURE CITY K-8 CENTER,25.49846,-80.43380,1067,119,11,7,18,3,248,63,262,80
MIAMI-DADE,MADISON MIDDLE SCHOOL,25.85186,-80.25319,445,62,8,2,13,4,129,76,146,58
MIAMI-DADE,MANDARIN LAKES K-8 ACADEMY,25.50803,-80.39065,910,109,16,3,22,5,175,65,211,59
MIAMI-DADE,MARCUS A. MILAM K-8 CENTER,25.87835,-80.31615,895,139,37,6,39,11,307,76,336,107
MIAMI-DADE,MIAMI ARTS STUDIO 6-12 AT ZELDA GLAZER,25.74373,-80.43827,1564,94,44,23,50,20,1119,404,967,297
MIAMI-DADE,MIAMI BEACH FEINBERG/FISHER K-8,25.78607,-80.13232,869,138,25,22,30,11,203,66,235,77
MIAMI-DADE,MIAMI BEACH NAUTILUS MIDDLE SCHOOL,25.81582,-80.13485,1032,84,17,3,15,5,568,207,529,184
MIAMI-DADE,MIAMI BEACH SENIOR HIGH SCHOOL,25.79911,-80.13393,2340,195,27,17,18,14,595,339,264,231
MIAMI-DADE,MIAMI CAROL CITY SENIOR HIGH,25.94237,-80.25713,963,128,5,8,3,11,110,114,71,103
MIAMI-DADE,MIAMI CENTRAL SENIOR HIGH SCHOOL,25.86338,-80.22813,1648,208,7,13,25,15,154,161,184,193
MIAMI-DADE,MIAMI CORAL PARK SENIOR HIGH,25.75562,-80.34046,2451,312,42,26,33,28,492,322,321,260
MIAMI-DADE,MIAMI EDISON SENIOR HIGH SCHOOL,25.83171,-80.20472,740,98,6,12,15,3,48,83,95,63
MIAMI-DADE,MIAMI JACKSON SENIOR HIGH SCHOOL,25.81028,-80.22505,1517,152,5,7,9,9,141,110,140,140
MIAMI-DADE,MIAMI KILLIAN SENIOR HIGH SCHOOL,25.67024,-80.34965,1627,280,28,25,22,23,263,266,218,184
MIAMI-DADE,MIAMI LAKES EDUCATIONAL CENTER,25.91693,-80.29408,1224,73,11,9,16,10,408,253,217,143
MIAMI-DADE,MIAMI LAKES K-8 CENTER,25.89488,-80.30747,1290,105,18,9,29,6,521,93,556,175
MIAMI-DADE,MIAMI LAKES MIDDLE SCHOOL,25.91829,-80.30565,1313,108,35,14,33,7,934,339,909,237
MIAMI-DADE,MIAMI NORTHWESTERN SENIOR HIGH,25.83837,-80.21372,1498,185,36,8,24,30,237,148,120,224
MIAMI-DADE,MIAMI PALMETTO SENIOR HIGH SCHOOL,25.66024,-80.31632,2779,305,43,31,30,31,888,474,499,444
MIAMI-DADE,MIAMI SENIOR HIGH SCHOOL,25.77047,-80.23586,2845,290,31,48,37,28,573,475,551,402
MIAMI-DADE,MIAMI SOUTHRIDGE SENIOR HIGH,25.58636,-80.37565,1883,387,40,22,40,30,204,192,241,218
MIAMI-DADE,MIAMI SPRINGS MIDDLE SCHOOL,25.81415,-80.27409,832,124,14,15,14,7,255,131,243,90
MIAMI-DADE,MIAMI SPRINGS SENIOR HIGH SCHOOL,25.83069,-80.29506,1468,148,17,5,10,7,295,160,184,151
MIAMI-DADE,MIAMI SUNSET SENIOR HIGH SCHOOL,25.70162,-80.40518,1292,187,19,19,25,11,230,196,196,153
MIAMI-DADE,NORLAND MIDDLE SCHOOL,25.95158,-80.22246,877,67,4,4,3,0,269,144,264,114
MIAMI-DADE,NORMAN S. EDELCUP/SUNNY ISLES BEACH K-8,25.94497,-80.12324,2097,113,34,9,47,5,985,175,1122,309
MIAMI-DADE,NORTH DADE MIDDLE SCHOOL,25.91662,-80.23117,489,48,5,1,8,3,114,84,100,52
MIAMI-DADE,NORTH MIAMI BEACH SENIOR HIGH,25.93071,-80.17529,1441,176,21,11,20,24,224,147,130,164
MIAMI-DADE,NORTH MIAMI MIDDLE SCHOOL,25.90050,-80.18285,910,93,31,14,30,13,292,181,292,161
MIAMI-DADE,NORTH MIAMI SENIOR HIGH SCHOOL,25.89693,-80.18415,2343,207,20,14,12,17,368,283,195,233
MIAMI-DADE,PALM SPRINGS MIDDLE SCHOOL,25.87360,-80.30476,926,252,100,51,112,28,381,205,378,145
MIAMI-DADE,PALMETTO MIDDLE SCHOOL,25.65415,-80.31362,1031,138,36,19,39,14,670,268,707,178
MIAMI-DADE,PAUL W. BELL MIDDLE SCHOOL,25.76847,-80.38804,431,83,19,8,16,7,216,69,210,81
MIAMI-DADE,PONCE DE LEON MIDDLE SCHOOL,25.71606,-80.27241,1235,138,35,17,37,10,728,281,678,214
MIAMI-DADE,REDLAND MIDDLE SCHOOL,25.53722,-80.45214,497,97,8,6,3,2,147,79,123,48
MIAMI-DADE,RICHMOND HEIGHTS MIDDLE SCHOOL,25.62979,-80.35937,448,74,18,14,16,2,203,100,183,65
MIAMI-DADE,RIVIERA MIDDLE SCHOOL,25.72374,-80.36239,501,109,43,18,42,18,283,99,258,69
MIAMI-DADE,ROBERT MORGAN EDUCATIONAL CENTER,25.59983,-80.39052,2088,227,34,17,29,18,670,339,437,341
MIAMI-DADE,ROCKWAY MIDDLE SCHOOL,25.74296,-80.34732,1152,170,55,27,55,13,723,255,685,183
MIAMI-DADE,RUBEN DARIO MIDDLE SCHOOL,25.77172,-80.35448,582,68,27,15,21,10,259,108,240,70
MIAMI-DADE,SHENANDOAH MIDDLE SCHOOL,25.75367,-80.22719,1303,119,26,23,22,2,594,259,439,125
MIAMI-DADE,SOUTH DADE MIDDLE SCHOOL,25.49623,-80.50746,1286,228,93,20,101,35,511,149,606,182
MIAMI-DADE,SOUTH DADE SENIOR HIGH SCHOOL,25.50090,-80.46080,2964,386,37,38,44,32,485,448,493,382
MIAMI-DADE,SOUTH MIAMI MIDDLE SCHOOL,25.71335,-80.30354,871,67,23,8,21,7,644,243,601,207
MIAMI-DADE,SOUTH MIAMI SENIOR HIGH SCHOOL,25.72078,-80.30523,1950,234,29,18,27,23,305,259,249,186
MIAMI-DADE,SOUTHWEST MIAMI SENIOR HIGH,25.72193,-80.33880,2460,377,48,29,40,39,524,356,358,319
MIAMI-DADE,SOUTHWOOD MIDDLE SCHOOL,25.61927,-80.32174,1324,163,32,18,41,7,912,326,900,332
MIAMI-DADE,THOMAS JEFFERSON MIDDLE SCHOOL,25.91038,-80.20861,320,115,58,20,63,19,120,65,160,49
MIAMI-DADE,W. R. THOMAS MIDDLE SCHOOL,25.74472,-80.40560,1076,159,34,11,46,21,619,230,615,277
MIAMI-DADE,WEST MIAMI MIDDLE SCHOOL,25.74939,-80.31801,672,84,24,9,23,8,288,127,235,78
MIAMI-DADE,WESTLAND HIALEAH SENIOR HIGH SCHOOL,25.85791,-80.31955,1619,95,13,7,11,8,273,197,263,185
MIAMI-DADE,WINSTON PARK K-8 CENTER,25.69513,-80.40668,1433,145,41,22,53,10,672,162,791,178
DESOTO,DESOTO COUNTY HIGH SCHOOL,27.22266,-81.83900,1292,150,13,8,13,7,177,150,148,133
DESOTO,DESOTO MIDDLE SCHOOL,27.22324,-81.85057,1031,124,19,13,21,7,334,154,349,97
DIXIE,RUTH RAINS MIDDLE SCHOOL,29.62155,-83.13032,465,98,19,11,19,5,201,99,188,47
DUVAL,A. PHILIP RANDOLPH ACADEMIES,30.36759,-81.67690,503,96,8,3,6,4,48,35,33,21
DUVAL,ALFRED I. DUPONT MIDDLE SCHOOL,30.25056,-81.63196,880,157,10,14,21,4,225,137,307,84
DUVAL,ANDREW JACKSON HIGH SCHOOL,30.36322,-81.65563,659,86,7,4,8,6,125,50,140,110
DUVAL,ARLINGTON MIDDLE SCHOOL,30.33772,-81.57059,740,153,13,14,26,6,176,113,214,73
DUVAL,ATLANTIC COAST HIGH SCHOOL,30.20378,-81.50605,2269,323,55,20,71,54,536,353,403,333
DUVAL,BALDWIN MIDDLE-SENIOR HIGH SCHOOL,30.30417,-81.97921,1241,158,22,26,36,10,340,212,393,146
DUVAL,DARNELL COOKMAN MIDDLE/HIGH SCHOOL,30.34591,-81.66618,1117,42,17,14,14,6,753,294,635,259
DUVAL,DOUGLAS ANDERSON SCHOOL OF THE ARTS,30.30007,-81.63867,1192,69,26,10,16,23,518,281,311,302
DUVAL,DUNCAN U. FLETCHER HIGH SCHOOL,30.30877,-81.40220,2146,215,20,36,27,40,655,405,376,467
DUVAL,DUNCAN U. FLETCHER MIDDLE SCHOOL,30.30653,-81.39791,1324,179,49,29,84,13,830,432,977,273
DUVAL,EDWARD H. WHITE HIGH SCHOOL,30.29297,-81.76940,1463,297,31,27,40,24,221,165,187,141
DUVAL,ENGLEWOOD HIGH SCHOOL,30.27744,-81.61190,1851,237,12,18,16,14,239,195,211,147
DUVAL,FIRST COAST HIGH SCHOOL,30.48445,-81.60844,2077,246,20,21,28,22,354,323,350,230
DUVAL,FORT CAROLINE MIDDLE SCHOOL,30.36887,-81.59572,754,86,8,6,10,3,292,166,264,87
DUVAL,FRANK H. PETERSON ACADEMIES,30.26559,-81.76961,1219,187,16,13,11,10,223,190,182,136
DUVAL,HIGHLANDS MIDDLE SCHOOL,30.43435,-81.68142,906,129,25,12,19,4,240,111,255,64
DUVAL,J. E. B. STUART MIDDLE SCHOOL,30.25481,-81.73773,692,103,14,4,16,5,167,89,220,62
DUVAL,JAMES WELDON JOHNSON COLLEGE PREPARTORY MIDDLE SCHOOL,30.34331,-81.72420,969,40,24,13,27,7,803,290,846,253
DUVAL,JEAN RIBAULT HIGH SCHOOL,30.38963,-81.70692,1383,227,46,10,53,23,194,97,221,131
DUVAL,JEAN RIBAULT MIDDLE SCHOOL,30.39153,-81.71112,777,168,48,19,68,9,188,62,273,32
DUVAL,JEFFERSON DAVIS MIDDLE SCHOOL,30.25442,-81.76067,1000,166,15,33,34,11,195,254,253,59
DUVAL,JOSEPH STILWELL MIDDLE SCHOOL,30.30782,-81.77822,801,194,44,33,60,11,260,151,327,75
DUVAL,JULIA LANDON COLLEGE PREPARATORY & LEADERSHIP DEVELOPMENT SCHOOL,30.30682,-81.65256,762,53,21,18,33,5,636,233,675,223
DUVAL,KERNAN MIDDLE SCHOOL,30.30430,-81.48629,1164,265,93,51,103,37,617,371,648,226
DUVAL,KIRBY-SMITH MIDDLE SCHOOL,30.34912,-81.65253,833,63,20,20,35,5,521,162,596,183
DUVAL,LAKE SHORE MIDDLE SCHOOL,30.27359,-81.72540,981,237,79,45,87,28,289,247,343,123
DUVAL,LANDMARK MIDDLE SCHOOL,30.32341,-81.48733,1430,277,73,49,105,30,619,387,844,215
DUVAL,LAVILLA SCHOOL OF THE ARTS,30.33238,-81.66741,1028,63,31,17,21,10,743,365,713,244
DUVAL,MANDARIN HIGH SCHOOL,30.16170,-81.58394,2522,185,18,15,22,9,694,484,370,347
DUVAL,MANDARIN MIDDLE SCHOOL,30.18681,-81.58816,1418,179,44,33,53,20,764,441,839,326
DUVAL,MATTHEW W. GILBERT MIDDLE SCHOOL,30.34041,-81.63937,402,63,6,4,10,1,70,61,134,23
DUVAL,MAYPORT MIDDLE SCHOOL,30.36462,-81.41244,814,136,36,22,48,15,401,223,447,232
DUVAL,NORTHWESTERN MIDDLE SCHOOL,30.36950,-81.69442,596,82,5,0,10,1,93,42,125,21
DUVAL,OCEANWAY SCHOOL,30.46692,-81.63120,958,160,26,24,37,9,365,245,454,123
DUVAL,ROBERT E. LEE HIGH SCHOOL,30.30701,-81.70420,1723,171,16,7,15,15,354,257,238,232
DUVAL,SANDALWOOD HIGH SCHOOL,30.29736,-81.51765,2910,348,65,33,90,28,724,527,682,404
DUVAL,SOUTHSIDE MIDDLE SCHOOL,30.27103,-81.59456,871,118,13,6,14,3,205,170,245,55
DUVAL,TERRY PARKER HIGH SCHOOL,30.34205,-81.57696,1610,219,7,16,10,8,207,211,186,166
DUVAL,THE BRIDGE,30.33701,-81.69698,707,144,4,0,6,4,65,25,62,24
DUVAL,TWIN LAKES ACADEMY MIDDLE SCHOOL,30.22013,-81.51597,1152,124,23,22,35,12,504,262,549,248
DUVAL,WESTSIDE HIGH SCHOOL,30.24592,-81.76675,1579,324,46,20,58,33,168,153,239,141
DUVAL,WESTVIEW K-8,30.25043,-81.82353,1274,287,25,5,28,6,236,67,254,66
DUVAL,WILLIAM M. RAINES HIGH SCHOOL,30.38166,-81.70938,1329,169,7,10,14,8,128,97,187,116
DUVAL,YOUNG MENS/WOMENS LEADERSHIP ACADEMY AT EUGENE J BUTLER,30.33775,-81.68532,510,76,5,3,10,1,135,91,172,34
ESCAMBIA,BELLVIEW MIDDLE SCHOOL,30.46463,-87.30558,992,165,25,9,24,7,270,133,226,80
ESCAMBIA,BEULAH MIDDLE SCHOOL,30.53261,-87.38564,830,126,24,10,20,3,351,116,317,80
ESCAMBIA,ERNEST WARD MIDDLE SCHOOL,30.89943,-87.47681,489,67,12,7,12,5,248,115,249,73
ESCAMBIA,ESCAMBIA HIGH SCHOOL,30.42682,-87.29966,1746,221,19,28,17,12,294,238,230,186
ESCAMBIA,FERRY PASS MIDDLE SCHOOL,30.51269,-87.19777,1203,206,36,20,35,16,486,220,503,146
ESCAMBIA,J. H. WORKMAN MIDDLE SCHOOL,30.48658,-87.20734,978,167,20,13,11,4,333,123,225,80
ESCAMBIA,J. M. TATE SENIOR HIGH SCHOOL,30.57745,-87.30091,2175,223,33,23,32,18,566,319,385,335
ESCAMBIA,JIM C. BAILEY MIDDLE SCHOOL,30.34552,-87.40456,1389,213,38,17,44,13,579,251,624,192
ESCAMBIA,NORTHVIEW HIGH SCHOOL,30.96723,-87.40667,499,67,6,1,3,3,113,59,55,52
ESCAMBIA,PENSACOLA HIGH SCHOOL,30.43490,-87.22544,1424,161,11,2,10,4,381,183,184,185
ESCAMBIA,PINE FOREST HIGH SCHOOL,30.48830,-87.29616,1630,251,26,23,15,17,250,151,175,186
ESCAMBIA,RANSOM MIDDLE SCHOOL,30.58567,-87.34089,1274,157,31,16,45,15,671,262,764,226
ESCAMBIA,WARRINGTON MIDDLE SCHOOL,30.40559,-87.27152,819,172,18,18,20,6,181,125,145,67
ESCAMBIA,WASHINGTON SENIOR HIGH SCHOOL,30.48448,-87.21062,1778,181,19,18,21,14,435,239,213,251
ESCAMBIA,WEST FLORIDA HIGH SCHOOL/TECHNICAL,30.49763,-87.24844,1338,62,12,10,12,10,451,269,284,252
FLAGLER,BUDDY TAYLOR MIDDLE SCHOOL,29.53001,-81.22269,907,183,21,30,28,9,427,311,445,193
FLAGLER,FLAGLER-PALM COAST HIGH SCHOOL,29.47873,-81.20971,2601,333,31,25,22,25,687,377,478,461
FLAGLER,INDIAN TRAILS MIDDLE SCHOOL,29.57846,-81.25692,927,141,31,23,54,16,580,324,660,293
FLAGLER,MATANZAS HIGH SCHOOL,29.60085,-81.23598,1705,278,18,9,27,26,460,247,317,256
FRANKLIN,FRANKLIN COUNTY SCHOOL,29.76388,-84.81251,865,168,25,10,24,6,172,47,153,45
GADSDEN,HAVANA MAGNET SCHOOL,30.62409,-84.39948,610,80,17,8,23,7,180,44,234,58
GADSDEN,JAMES A. SHANKS MIDDLE SCHOOL,30.59196,-84.59386,677,126,42,16,42,12,185,61,267,50
GADSDEN,WEST GADSDEN MIDDLE SCHOOL,30.56684,-84.73376,387,61,5,4,7,3,98,60,124,35
GILCHRIST,BELL HIGH SCHOOL,29.75154,-82.85931,629,100,15,15,24,9,256,132,230,150
GILCHRIST,TRENTON HIGH SCHOOL,29.61879,-82.82121,683,87,15,7,20,7,305,126,294,141
GLADES,MOORE HAVEN MIDDLE HIGH SCHOOL.,26.83142,-81.09973,500,94,18,15,15,10,108,55,112,47
GULF,PORT ST. JOE HIGH SCHOOL,29.78859,-85.29020,499,76,12,7,10,6,150,76,150,58
GULF,WEWAHITCHKA HIGH SCHOOL,30.10421,-85.19030,355,65,12,8,10,6,111,69,97,60
HAMILTON,HAMILTON COUNTY HIGH SCHOOL,30.48007,-82.93002,634,62,9,5,8,6,118,84,129,80
HARDEE,HARDEE JUNIOR HIGH SCHOOL,27.58638,-81.82023,1191,207,40,18,43,9,506,225,618,134
HARDEE,HARDEE SENIOR HIGH SCHOOL,27.52786,-81.83613,1401,166,14,5,19,10,283,155,238,229
HENDRY,CLEWISTON HIGH SCHOOL,26.74154,-80.92518,960,151,12,11,11,10,174,160,76,128
HENDRY,CLEWISTON MIDDLE SCHOOL,26.75604,-80.94090,758,91,15,13,19,4,264,126,232,77
HENDRY,LABELLE HIGH SCHOOL,26.74930,-81.39941,1222,177,7,16,14,5,247,190,129,122
HENDRY,LABELLE MIDDLE SCHOOL,26.75160,-81.36894,823,131,29,12,39,8,359,171,433,104
HERNANDO,CENTRAL HIGH SCHOOL,28.56316,-82.49641,1269,193,13,9,17,20,204,183,209,172
HERNANDO,CHALLENGER K-8 SCHOOL OF SCIENCE AND MATH,28.49552,-82.50199,1433,113,42,9,47,10,940,212,999,317
HERNANDO,D. S. PARROTT MIDDLE SCHOOL,28.59073,-82.41321,670,103,16,5,16,2,270,119,316,90
HERNANDO,EXPLORER K-8,28.49577,-82.55360,1695,323,30,12,38,7,486,132,503,178
HERNANDO,FOX CHAPEL MIDDLE SCHOOL,28.51067,-82.56481,768,94,15,18,15,5,273,171,284,86
HERNANDO,FRANK W. SPRINGSTEAD HIGH SCHOOL,28.48133,-82.54400,1721,168,13,22,19,11,447,268,342,279
HERNANDO,HERNANDO HIGH SCHOOL,28.56470,-82.38060,1162,134,13,8,15,5,201,140,174,139
HERNANDO,NATURE COAST TECHNICAL HIGH,28.48832,-82.46550,1440,130,8,7,15,7,426,227,416,303
HERNANDO,POWELL MIDDLE SCHOOL,28.50561,-82.49061,1014,104,16,20,25,8,533,285,565,170
HERNANDO,WEEKI WACHEE HIGH SCHOOL,28.60134,-82.54940,1277,143,20,12,20,8,241,181,259,185
HERNANDO,WEST HERNANDO MIDDLE SCHOOL,28.56278,-82.49996,686,130,17,17,27,9,272,157,342,105
HERNANDO,WINDING WATERS K-8,28.60191,-82.55092,1381,173,23,10,34,16,462,118,516,145
HIGHLANDS,AVON PARK HIGH SCHOOL,27.59401,-81.48846,1085,170,10,27,13,5,196,153,150,112
HIGHLANDS,AVON PARK MIDDLE SCHOOL,27.59214,-81.50087,632,102,21,6,24,6,207,85,230,74
HIGHLANDS,HILL-GUSTAT MIDDLE SCHOOL,27.51604,-81.51456,717,103,23,13,28,9,357,149,392,115
HIGHLANDS,LAKE PLACID HIGH SCHOOL,27.29372,-81.37254,807,85,10,8,5,6,165,129,81,147
HIGHLANDS,LAKE PLACID MIDDLE SCHOOL,27.29579,-81.37205,667,98,14,9,16,6,231,107,279,66
HIGHLANDS,SEBRING HIGH SCHOOL,27.48780,-81.43127,1597,173,14,9,26,8,404,178,213,212
HIGHLANDS,SEBRING MIDDLE SCHOOL,27.49787,-81.43713,779,116,11,7,25,2,338,122,409,102
HILLSBOROUGH,ADAMS MIDDLE SCHOOL,28.04206,-82.46566,846,143,14,8,17,7,190,85,225,60
HILLSBOROUGH,ALONSO HIGH SCHOOL,28.02155,-82.60413,2582,303,22,31,29,8,643,436,343,223
HILLSBOROUGH,ARMWOOD HIGH SCHOOL,28.00561,-82.29540,2205,338,23,32,18,20,435,353,189,260
HILLSBOROUGH,BARRINGTON MIDDLE SCHOOL,27.84865,-82.25741,1519,190,50,45,67,10,938,425,1086,250
HILLSBOROUGH,BENITO MIDDLE SCHOOL,28.14098,-82.32455,1082,125,21,28,30,7,632,303,654,204
HILLSBOROUGH,BLAKE HIGH SCHOOL,27.95832,-82.46648,1747,218,14,24,17,17,452,225,231,262
HILLSBOROUGH,BLOOMINGDALE HIGH SCHOOL,27.89490,-82.25528,2334,265,32,22,33,29,653,447,402,373
HILLSBOROUGH,BRANDON HIGH SCHOOL,27.94396,-82.29973,1875,305,19,21,12,10,351,295,174,179
HILLSBOROUGH,BUCHANAN MIDDLE SCHOOL,28.09000,-82.46888,708,147,19,10,30,10,214,91,273,93
HILLSBOROUGH,BURNETT MIDDLE SCHOOL,28.00755,-82.27985,795,184,21,16,21,6,245,128,226,68
HILLSBOROUGH,BURNS MIDDLE SCHOOL,27.90732,-82.27435,1316,168,49,26,63,24,747,373,842,266
HILLSBOROUGH,CHAMBERLAIN HIGH SCHOOL,28.03462,-82.46686,1597,313,23,28,33,18,179,195,192,120
HILLSBOROUGH,COLEMAN MIDDLE SCHOOL,27.92734,-82.51742,1041,100,45,14,49,17,819,299,856,246
HILLSBOROUGH,DAVIDSEN MIDDLE SCHOOL,28.05393,-82.59641,1096,164,28,16,29,9,560,205,600,166
HILLSBOROUGH,DOWDELL MIDDLE MAGNET SCHOOL,27.93696,-82.37146,637,105,7,3,8,2,161,97,195,36
HILLSBOROUGH,DR CARTER G WOODSON K-8 SCHOOL,28.03119,-82.43385,984,207,25,10,36,5,155,34,180,39
HILLSBOROUGH,DURANT HIGH SCHOOL,27.88860,-82.17256,2398,354,32,31,40,42,654,402,406,421
HILLSBOROUGH,EAST BAY HIGH SCHOOL,27.79358,-82.36316,2256,300,35,32,28,14,428,356,299,278
HILLSBOROUGH,EISENHOWER MIDDLE SCHOOL,27.79314,-82.36767,1292,237,35,20,35,9,505,238,584,185
HILLSBOROUGH,FARNELL MIDDLE SCHOOL,28.07236,-82.63506,1232,102,33,20,37,4,913,363,938,286
HILLSBOROUGH,FERRELL MIDDLE MAGNET SCHOOL,27.98415,-82.43320,596,55,8,6,15,2,289,149,338,60
HILLSBOROUGH,FRANKLIN MIDDLE MAGNET SCHOOL,27.96946,-82.41615,564,111,28,18,30,8,242,142,255,70
HILLSBOROUGH,FREEDOM HIGH SCHOOL,28.13406,-82.38564,1935,268,20,24,26,10,399,232,246,149
HILLSBOROUGH,GAITHER HIGH SCHOOL,28.10132,-82.50510,2037,279,30,29,30,29,478,319,298,303
HILLSBOROUGH,GIUNTA MIDDLE SCHOOL,27.91048,-82.35800,824,174,32,18,24,13,175,97,179,54
HILLSBOROUGH,GRECO MIDDLE SCHOOL,28.05243,-82.37552,621,103,14,6,12,4,160,62,160,55
HILLSBOROUGH,HILL MIDDLE SCHOOL,28.08349,-82.53655,999,148,22,30,28,4,551,259,607,169
HILLSBOROUGH,HILLSBOROUGH HIGH SCHOOL,27.99048,-82.45653,1900,219,8,13,11,9,418,239,259,250
HILLSBOROUGH,JEFFERSON HIGH SCHOOL,27.95229,-82.51800,1775,205,10,20,22,14,381,263,240,264
HILLSBOROUGH,JENNINGS MIDDLE SCHOOL,28.02611,-82.32715,823,167,17,9,22,7,163,85,189,53
HILLSBOROUGH,KING HIGH SCHOOL,28.00919,-82.39063,1841,263,16,28,15,14,383,286,146,248
HILLSBOROUGH,LENNARD HIGH SCHOOL,27.72305,-82.40543,3113,400,26,25,36,23,604,445,469,394
HILLSBOROUGH,LETO HIGH SCHOOL,28.01212,-82.51916,2159,270,16,17,35,11,438,265,341,263
HILLSBOROUGH,LIBERTY MIDDLE SCHOOL,28.13355,-82.38286,1156,146,32,20,45,12,616,271,667,205
HILLSBOROUGH,MADISON MIDDLE SCHOOL,27.90557,-82.52107,583,101,12,6,12,2,227,105,248,56
HILLSBOROUGH,MANN MIDDLE SCHOOL,27.95052,-82.28070,957,145,25,21,31,2,354,176,349,76
HILLSBOROUGH,MARSHALL MIDDLE SCHOOL,28.01654,-82.10768,884,153,22,10,31,11,257,128,332,74
HILLSBOROUGH,MARTINEZ MIDDLE SCHOOL,28.16150,-82.53294,1194,82,38,13,39,18,951,368,1015,333
HILLSBOROUGH,MCLANE MIDDLE SCHOOL,27.94292,-82.29062,645,107,10,8,10,2,154,94,156,56
HILLSBOROUGH,MEMORIAL MIDDLE SCHOOL,27.98830,-82.45716,634,106,10,8,10,1,182,82,205,48
HILLSBOROUGH,MIDDLETON HIGH SCHOOL,27.99060,-82.43191,1595,214,24,11,16,17,455,206,174,248
HILLSBOROUGH,MONROE MIDDLE SCHOOL,27.87572,-82.52353,429,88,8,6,16,2,152,63,179,60
HILLSBOROUGH,MULRENNAN MIDDLE SCHOOL,27.90663,-82.22951,1338,174,31,31,37,6,803,360,880,221
HILLSBOROUGH,NEWSOME HIGH SCHOOL,27.85495,-82.20616,3036,298,65,39,66,54,1185,645,702,682
HILLSBOROUGH,ORANGE GROVE MIDDLE MAGNET SCHOOL,27.97524,-82.44036,552,54,6,5,9,2,284,93,259,75
HILLSBOROUGH,PIERCE MIDDLE SCHOOL,27.99818,-82.51835,942,180,42,27,43,10,314,145,390,95
HILLSBOROUGH,PLANT CITY HIGH SCHOOL,27.99004,-82.12746,2322,387,29,33,51,29,494,375,412,283
HILLSBOROUGH,PLANT HIGH SCHOOL,27.92365,-82.50288,2503,193,31,30,36,23,970,515,519,526
HILLSBOROUGH,PROGRESS VILLAGE MIDDLE MAGNET SCHOOL,27.89211,-82.36638,938,114,21,14,26,7,545,254,551,170
HILLSBOROUGH,RAMPELLO K-8 MAGNET SCHOOL,27.94838,-82.45251,777,82,17,4,21,6,394,92,429,104
HILLSBOROUGH,RANDALL MIDDLE SCHOOL,27.85798,-82.20735,1422,146,48,31,74,18,1140,441,1222,351
HILLSBOROUGH,RIVERVIEW HIGH SCHOOL,27.84984,-82.31230,2576,279,14,22,34,9,668,446,469,354
HILLSBOROUGH,ROBINSON HIGH SCHOOL,27.87456,-82.51570,1569,176,20,19,19,24,489,267,177,277
HILLSBOROUGH,RODGERS MIDDLE SCHOOL,27.84489,-82.29660,749,114,10,11,17,4,293,143,359,100
HILLSBOROUGH,SERGEANT PAUL R SMITH MIDDLE SCHOOL,28.07624,-82.57348,753,118,20,24,28,6,382,176,397,131
HILLSBOROUGH,SHIELDS MIDDLE SCHOOL,27.74008,-82.37209,1579,241,42,21,42,10,501,257,552,182
HILLSBOROUGH,SICKLES HIGH SCHOOL,28.07925,-82.58273,2379,223,36,37,31,17,797,486,472,424
HILLSBOROUGH,SLIGH MIDDLE SCHOOL,28.00957,-82.43679,576,94,13,6,11,5,158,76,151,47
HILLSBOROUGH,SPOTO HIGH SCHOOL,27.88448,-82.35219,1679,284,21,16,22,11,206,198,170,140
HILLSBOROUGH,STEINBRENNER HIGH SCHOOL,28.15804,-82.53318,2474,186,25,23,22,14,967,542,490,489
HILLSBOROUGH,STEWART MIDDLE MAGNET SCHOOL,27.96010,-82.47242,1026,91,21,11,20,6,592,233,587,181
HILLSBOROUGH,STRAWBERRY CREST HIGH SCHOOL,28.02227,-82.23595,2268,224,16,11,22,1,679,372,404,327
HILLSBOROUGH,SULPHUR SPRINGS K-8 SCHOOL,28.02702,-82.44654,874,114,5,0,2,1,68,28,68,23
HILLSBOROUGH,TAMPA BAY TECH HIGH SCHOOL,28.00740,-82.37546,2051,85,7,18,12,8,677,393,380,430
HILLSBOROUGH,TOMLIN MIDDLE SCHOOL,28.01800,-82.14723,1672,218,23,25,39,8,683,360,879,179
HILLSBOROUGH,TURKEY CREEK MIDDLE SCHOOL,27.94433,-82.17168,994,210,35,36,58,12,313,193,414,96
HILLSBOROUGH,TURNER-BARTELS K-8 SCHOOL,28.16719,-82.34779,1836,218,36,9,29,9,716,160,709,232
HILLSBOROUGH,WALKER MIDDLE MAGNET SCHOOL,28.11297,-82.57635,965,81,33,18,41,12,754,275,802,230
HILLSBOROUGH,WEBB MIDDLE SCHOOL,28.00258,-82.56201,731,103,15,9,24,5,318,162,365,99
HILLSBOROUGH,WHARTON HIGH SCHOOL,28.15926,-82.35538,2429,276,25,23,23,21,536,390,279,321
HILLSBOROUGH,WILSON MIDDLE SCHOOL,27.93808,-82.46984,667,55,18,11,20,4,510,212,544,160
HILLSBOROUGH,YOUNG MIDDLE MAGNET SCHOOL,27.97999,-82.43894,664,91,12,10,16,1,228,79,196,49
HOLMES,BONIFAY K-8 SCHOOL,30.78895,-85.69538,1279,211,27,9,28,9,427,89,431,142
HOLMES,HOLMES COUNTY HIGH SCHOOL,30.78611,-85.69575,474,57,5,5,4,4,127,58,42,64
INDIAN RIVER,GIFFORD MIDDLE SCHOOL,27.67664,-80.41302,675,122,24,10,30,10,323,125,330,105
INDIAN RIVER,OSLO MIDDLE SCHOOL,27.59591,-80.40301,897,146,19,11,22,7,366,175,400,125
INDIAN RIVER,SEBASTIAN RIVER HIGH SCHOOL,27.75603,-80.51122,1922,272,22,24,17,19,416,152,274,261
INDIAN RIVER,SEBASTIAN RIVER MIDDLE SCHOOL,27.76685,-80.52208,934,115,17,14,29,9,435,221,544,141
INDIAN RIVER,STORM GROVE MIDDLE SCHOOL,27.69892,-80.45631,1043,164,41,20,37,14,532,234,538,156
INDIAN RIVER,VERO BEACH HIGH SCHOOL,27.62892,-80.40354,2926,347,36,18,44,29,735,432,499,398
JACKSON,COTTONDALE HIGH SCHOOL,30.79338,-85.37394,481,48,8,6,5,0,199,85,156,58
JACKSON,GRAND RIDGE SCHOOL,30.70650,-85.01738,455,58,25,4,26,12,286,78,307,107
JACKSON,MARIANNA HIGH SCHOOL,30.81233,-85.20091,756,81,10,14,6,9,210,99,135,136
JACKSON,MARIANNA MIDDLE SCHOOL,30.76703,-85.25229,604,70,18,17,12,0,314,165,260,56
LAFAYETTE,LAFAYETTE HIGH SCHOOL,30.05402,-83.16785,626,99,15,9,24,5,238,112,210,105
LAKE,CARVER MIDDLE SCHOOL,28.82729,-81.89477,829,151,21,19,19,12,343,170,348,110
LAKE,CLERMONT MIDDLE SCHOOL,28.55853,-81.75589,583,86,17,15,18,7,255,119,258,108
LAKE,EAST RIDGE HIGH SCHOOL,28.53922,-81.71486,2502,306,30,19,35,37,680,425,512,424
LAKE,EAST RIDGE MIDDLE SCHOOL,28.53864,-81.71958,1144,162,47,33,58,16,686,320,730,233
LAKE,EUSTIS HIGH SCHOOL,28.84614,-81.67242,1373,206,28,24,21,13,318,191,191,148
LAKE,EUSTIS MIDDLE SCHOOL,28.85952,-81.64489,959,173,31,26,38,9,401,204,446,118
LAKE,GRAY MIDDLE SCHOOL,28.55751,-81.85566,985,171,34,21,47,11,466,246,561,179
LAKE,LAKE MINNEOLA HIGH SCHOOL,28.58093,-81.72329,1728,275,32,26,24,23,471,309,330,309
LAKE,LEESBURG HIGH SCHOOL,28.80696,-81.89241,1506,226,18,12,15,16,240,156,201,224
LAKE,MT. DORA HIGH SCHOOL,28.80213,-81.63647,1121,133,14,12,22,11,267,175,190,174
LAKE,MT. DORA MIDDLE SCHOOL,28.80878,-81.63148,851,122,18,15,29,8,408,154,465,130
LAKE,OAK PARK MIDDLE SCHOOL,28.80302,-81.89677,525,114,11,17,12,1,160,104,145,45
LAKE,SOUTH LAKE HIGH SCHOOL,28.57415,-81.81713,2055,261,23,12,18,22,456,294,339,302
LAKE,TAVARES HIGH SCHOOL,28.80722,-81.72825,1423,170,20,13,22,17,309,199,250,225
LAKE,TAVARES MIDDLE SCHOOL,28.77042,-81.74112,1104,169,31,27,43,5,505,276,623,141
LAKE,UMATILLA HIGH SCHOOL,28.93087,-81.66501,794,121,9,8,9,6,152,98,96,78
LAKE,UMATILLA MIDDLE SCHOOL,28.92794,-81.66085,605,131,26,10,34,8,256,146,357,71
LAKE,WINDY HILL MIDDLE SCHOOL,28.51405,-81.70478,1391,202,54,34,60,17,747,336,798,259
LEE,BONITA SPRINGS MIDDLE CENTER FOR THE ARTS,26.34661,-81.78587,894,130,30,17,40,6,444,214,556,128
LEE,CALOOSA MIDDLE SCHOOL,26.64303,-81.94236,870,128,23,7,26,9,353,128,443,116
LEE,CAPE CORAL HIGH SCHOOL,26.60894,-81.97586,1608,157,13,7,10,6,485,255,277,238
LEE,CHALLENGER MIDDLE SCHOOL,26.62195,-81.98877,1092,139,29,15,42,14,646,255,755,203
LEE,CYPRESS LAKE HIGH SCHOOL,26.54066,-81.90162,1611,218,23,25,12,15,348,256,254,214
LEE,CYPRESS LAKE MIDDLE SCHOOL,26.54215,-81.90224,900,102,22,13,33,11,560,230,653,199
LEE,DIPLOMAT MIDDLE SCHOOL,26.68538,-81.94988,864,108,25,19,27,9,490,200,546,153
LEE,DUNBAR HIGH SCHOOL,26.63304,-81.83434,1979,236,17,13,16,15,264,188,257,199
LEE,EAST LEE COUNTY HIGH SCHOOL,26.55904,-81.60214,1962,238,6,15,17,3,278,217,259,175
LEE,ESTERO HIGH SCHOOL,26.42209,-81.79553,1644,160,15,17,13,7,431,335,262,253
LEE,FORT MYERS HIGH SCHOOL,26.62772,-81.87764,1944,193,24,17,33,14,660,388,348,352
LEE,FORT MYERS MIDDLE ACADEMY,26.61979,-81.86515,618,86,13,12,17,3,163,108,213,43
LEE,GULF MIDDLE SCHOOL,26.58634,-82.01237,806,70,8,5,20,3,465,193,569,157
LEE,HARNS MARSH MIDDLE SCHOOL,26.63622,-81.69415,1337,162,21,19,39,7,502,271,612,122
LEE,IDA S. BAKER HIGH SCHOOL,26.58691,-82.01732,1809,244,18,22,29,12,418,272,326,255
LEE,ISLAND COAST HIGH SCHOOL,26.72806,-81.93018,1693,215,10,15,13,16,267,180,206,282
LEE,LEHIGH ACRES MIDDLE SCHOOL,26.59862,-81.63209,1356,176,20,18,27,6,535,273,571,126
LEE,LEHIGH SENIOR HIGH SCHOOL,26.62233,-81.72080,2291,258,23,15,18,22,529,352,338,344
LEE,LEXINGTON MIDDLE SCHOOL,26.49775,-81.91370,1118,133,28,17,40,6,637,285,738,175
LEE,MARINER HIGH SCHOOL,26.66305,-82.00320,1557,198,16,14,11,12,352,222,172,208
LEE,MARINER MIDDLE SCHOOL,26.66100,-82.00567,1011,138,30,13,34,8,515,191,566,151
LEE,NORTH FORT MYERS ACADEMY FOR THE ARTS,26.70830,-81.88181,1119,138,22,8,33,10,512,135,548,155
LEE,NORTH FORT MYERS HIGH SCHOOL,26.66303,-81.91275,1878,167,19,13,15,12,689,319,377,361
LEE,OAK HAMMOCK MIDDLE SCHOOL,26.67331,-81.79033,1505,182,25,11,38,10,533,239,718,120
LEE,PAUL LAURENCE DUNBAR MIDDLE SCHOOL,26.60535,-81.83757,1018,154,28,14,32,13,479,220,572,149
LEE,RIVERDALE HIGH SCHOOL,26.70661,-81.72413,2316,244,20,23,20,31,582,276,316,398
LEE,SOUTH FORT MYERS HIGH SCHOOL,26.53743,-81.84901,1901,240,13,9,18,6,273,188,223,167
LEE,THE ALVA SCHOOL,26.71741,-81.60950,1033,128,15,11,33,5,437,139,511,133
LEE,THREE OAKS MIDDLE SCHOOL,26.47221,-81.79588,1055,148,29,16,44,11,648,259,720,215
LEE,TRAFALGAR MIDDLE SCHOOL,26.61998,-82.01731,916,120,28,18,39,6,641,231,700,204
LEE,VARSITY LAKES MIDDLE SCHOOL,26.62216,-81.72618,1345,182,21,20,25,2,643,266,633,154
LEE,VETERANS PARK ACADEMY FOR THE ARTS,26.59705,-81.63508,1714,283,40,15,50,11,628,166,666,156
LEON,AMOS P. GODBY HIGH SCHOOL,30.46119,-84.31633,1385,179,17,7,20,7,223,118,199,113
LEON,DEERLAKE MIDDLE SCHOOL,30.60866,-84.24074,1012,121,40,24,47,8,761,322,817,224
LEON,ELIZABETH COBB MIDDLE SCHOOL,30.45210,-84.26777,801,86,24,13,20,4,447,195,464,127
LEON,FAIRVIEW MIDDLE SCHOOL,30.40070,-84.26889,837,103,22,7,26,7,414,141,424,123
LEON,FORT BRADEN SCHOOL,30.43880,-84.51416,774,140,7,4,12,2,214,55,250,68
LEON,GRIFFIN MIDDLE SCHOOL,30.45710,-84.29685,636,114,15,7,16,7,159,95,148,40
LEON,LAWTON CHILES HIGH SCHOOL,30.57236,-84.21073,2095,145,26,20,34,18,819,220,498,402
LEON,LEON HIGH SCHOOL,30.44601,-84.27390,2047,156,27,9,17,9,677,348,372,220
LEON,LINCOLN HIGH SCHOOL,30.43590,-84.21245,2026,201,26,25,18,10,596,379,370,260
LEON,R. FRANK NIMS MIDDLE SCHOOL,30.41249,-84.29511,503,85,16,2,28,8,111,85,160,35
LEON,RAA MIDDLE SCHOOL,30.46248,-84.28769,875,137,32,10,36,4,427,173,441,133
LEON,SAIL,30.43549,-84.31696,377,71,10,8,9,7,101,73,67,57
LEON,SUCCESS ACADEMY AT GHAZVINI LEARNING CENTER,30.49265,-84.33901,220,64,0,0,1,0,2,4,4,4
LEON,SWIFT CREEK MIDDLE SCHOOL,30.44650,-84.18385,834,113,34,16,37,9,510,205,542,162
LEON,WILLIAM J MONTFORD III MIDDLE SCHOOL,30.53200,-84.18004,1067,102,33,22,41,12,793,302,857,257
LEVY,BRONSON MIDDLE/HIGH SCHOOL,29.46574,-82.62919,550,115,20,12,25,15,159,81,171,85
LEVY,CHIEFLAND MIDDLE HIGH SCHOOL,29.48534,-82.86203,815,117,18,10,20,7,251,155,280,117
LEVY,WILLISTON MIDDLE HIGH SCHOOL,29.37409,-82.44914,1019,183,20,16,24,11,280,166,316,134
LIBERTY,W. R. TOLAR K-8 SCHOOL,30.33858,-84.98893,495,109,24,7,25,5,200,44,174,57
MADISON,MADISON COUNTY CENTRAL SCHOOL,30.47816,-83.44549,996,217,33,11,36,14,213,81,230,60
MADISON,MADISON COUNTY HIGH SCHOOL,30.48098,-83.45408,510,72,11,6,5,8,71,51,51,32
MANATEE,BAYSHORE HIGH SCHOOL,27.44370,-82.59339,1495,215,11,14,14,8,204,201,212,115
MANATEE,BRADEN RIVER HIGH SCHOOL,27.45366,-82.48347,2036,221,22,22,24,23,531,378,388,336
MANATEE,BRADEN RIVER MIDDLE SCHOOL,27.43034,-82.43430,1075,162,19,8,31,5,518,193,622,152
MANATEE,BUFFALO CREEK MIDDLE SCHOOL,27.57564,-82.48859,1221,194,19,18,33,7,533,256,667,121
MANATEE,CARLOS E. HAILE MIDDLE SCHOOL,27.48908,-82.44679,1231,159,32,24,51,10,712,299,830,210
MANATEE,ELECTA LEE MAGNET MIDDLE SCHOOL,27.44551,-82.60142,1057,211,20,14,22,6,322,200,343,91
MANATEE,LAKEWOOD RANCH HIGH SCHOOL,27.44377,-82.43799,2439,198,24,27,31,14,781,489,565,406
MANATEE,MANATEE HIGH SCHOOL,27.49206,-82.59530,2251,311,16,23,33,24,543,319,428,365
MANATEE,MARTHA B. KING MIDDLE SCHOOL,27.50440,-82.63779,1111,207,27,12,44,7,437,181,548,117
MANATEE,PALMETTO HIGH SCHOOL,27.53032,-82.57830,2231,322,10,18,22,21,421,286,299,286
MANATEE,R. DAN NOLAN MIDDLE SCHOOL,27.42411,-82.39440,1167,114,31,26,37,6,795,371,870,240
MANATEE,SOUTHEAST HIGH SCHOOL,27.46756,-82.55108,1701,232,15,13,18,15,322,209,224,312
MANATEE,W. D. SUGG MIDDLE SCHOOL,27.46895,-82.61843,819,183,21,15,35,3,233,121,324,43
MARION,BELLEVIEW HIGH SCHOOL,29.07380,-82.09060,1600,226,14,12,25,9,376,232,299,231
MARION,BELLEVIEW MIDDLE SCHOOL,29.06890,-82.08888,1324,172,18,21,21,6,685,329,716,191
MARION,DUNNELLON HIGH SCHOOL,29.07748,-82.41503,1179,183,11,13,13,15,207,181,178,204
MARION,DUNNELLON MIDDLE SCHOOL,29.05260,-82.46687,665,77,10,10,14,0,284,122,319,77
MARION,FOREST HIGH SCHOOL,29.14174,-82.06757,2195,273,29,20,38,29,588,328,413,391
MARION,FORT KING MIDDLE SCHOOL,29.19302,-82.11439,1078,185,29,17,39,7,402,196,537,141
MARION,FORT MCCOY SCHOOL,29.38487,-81.97075,1004,172,10,6,16,9,278,74,260,105
MARION,HORIZON ACADEMY AT MARION OAKS,29.00451,-82.19013,833,117,15,6,13,7,324,107,325,132
MARION,HOWARD MIDDLE SCHOOL,29.19706,-82.15475,1060,115,11,2,7,4,566,234,586,188
MARION,LAKE WEIR HIGH SCHOOL,29.07856,-81.97776,1475,245,12,20,12,16,236,225,208,166
MARION,LAKE WEIR MIDDLE SCHOOL,28.99931,-81.98536,1128,163,22,22,33,4,379,187,436,118
MARION,LIBERTY MIDDLE SCHOOL,29.08465,-82.19883,1277,176,37,28,46,12,557,294,581,175
MARION,NORTH MARION HIGH SCHOOL,29.34006,-82.13962,1314,215,15,19,14,12,252,200,160,147
MARION,NORTH MARION MIDDLE SCHOOL,29.33249,-82.16227,811,134,12,10,22,4,306,155,343,84
MARION,OSCEOLA MIDDLE SCHOOL,29.18243,-82.13410,968,105,21,12,27,9,558,221,626,208
MARION,VANGUARD HIGH SCHOOL,29.21737,-82.13715,1637,183,12,11,12,15,362,246,202,244
MARION,WEST PORT HIGH SCHOOL,29.15352,-82.24974,2659,291,29,23,28,27,691,457,471,426
MARTIN,JENSEN BEACH HIGH SCHOOL,27.24042,-80.26683,1484,176,35,31,29,21,522,260,395,287
MARTIN,MARTIN COUNTY HIGH SCHOOL,27.17039,-80.25033,2178,292,34,57,35,23,599,379,463,405
MARTIN,SOUTH FORK HIGH SCHOOL,27.07748,-80.25465,1934,219,21,29,19,18,535,328,285,345
MONROE,CORAL SHORES HIGH SCHOOL,24.99389,-80.53686,721,102,16,9,21,13,225,131,173,149
MONROE,HORACE O'BRYANT SCHOOL,24.55761,-81.78592,1100,225,46,25,58,14,430,150,445,144
MONROE,KEY LARGO SCHOOL,25.15394,-80.38851,856,133,30,8,30,5,322,73,324,107
MONROE,KEY WEST HIGH SCHOOL,24.55484,-81.77693,1261,189,25,23,28,23,367,205,301,233
MONROE,MARATHON SCHOOL,24.70367,-81.07782,638,111,15,10,17,5,213,115,211,83
MONROE,PLANTATION KEY SCHOOL,24.99210,-80.54135,521,81,19,5,24,5,230,62,255,71
MONROE,SUGARLOAF SCHOOL,24.66086,-81.53081,613,124,25,10,30,6,240,65,250,91
NASSAU,CALLAHAN MIDDLE SCHOOL,30.56963,-81.84056,788,112,27,15,47,14,462,163,530,163
NASSAU,FERNANDINA BEACH HIGH SCHOOL,30.66247,-81.44525,964,125,27,22,14,10,335,127,202,162
NASSAU,FERNANDINA BEACH MIDDLE SCHOOL,30.66526,-81.44476,688,87,25,6,23,8,442,151,499,152
NASSAU,HILLIARD MIDDLE-SENIOR HIGH,30.68785,-81.92661,725,94,24,7,36,7,354,148,384,104
NASSAU,WEST NASSAU COUNTY HIGH SCHOOL,30.55825,-81.83081,1007,119,15,15,15,8,295,196,189,162
NASSAU,YULEE HIGH SCHOOL,30.61027,-81.58063,1307,168,25,16,28,11,387,233,365,228
NASSAU,YULEE MIDDLE SCHOOL,30.61179,-81.57627,1012,161,33,10,44,19,545,219,641,197
OKALOOSA,ADDIE R. LEWIS SCHOOL,30.49261,-86.49296,761,191,48,13,68,21,357,81,429,155
OKALOOSA,BAKER SCHOOL,30.79288,-86.68056,1496,234,50,24,61,15,502,149,517,192
OKALOOSA,C. W. RUCKEL MIDDLE SCHOOL,30.52214,-86.47505,1188,135,39,28,73,16,845,370,979,316
OKALOOSA,CHOCTAWHATCHEE SENIOR HIGH SCHOOL,30.45110,-86.61952,1638,196,37,20,34,21,466,244,321,262
OKALOOSA,CLIFFORD MEIGS MIDDLE SCHOOL,30.44706,-86.58183,561,100,26,20,44,15,325,133,383,125
OKALOOSA,CRESTVIEW HIGH SCHOOL,30.78935,-86.56064,2096,277,48,52,72,46,573,364,484,404
OKALOOSA,DAVIDSON MIDDLE SCHOOL,30.79320,-86.56234,1071,209,83,54,107,28,621,300,753,187
OKALOOSA,DESTIN MIDDLE SCHOOL,30.40107,-86.42404,760,88,29,8,43,23,501,128,575,259
OKALOOSA,FORT WALTON BEACH HIGH SCHOOL,30.41131,-86.64155,1720,202,35,34,44,18,495,319,464,319
OKALOOSA,LAUREL HILL SCHOOL,30.95841,-86.46256,380,67,8,10,19,3,108,64,163,49
OKALOOSA,MAX BRUNER JUNIOR MIDDLE SCHOOL,30.41817,-86.63423,801,172,54,22,55,21,401,165,405,148
OKALOOSA,NICEVILLE SENIOR HIGH SCHOOL,30.52006,-86.47672,2094,172,47,30,58,37,801,367,681,473
OKALOOSA,SHOAL RIVER MIDDLE SCHOOL,30.73707,-86.53786,842,131,34,27,39,13,471,235,492,154
OKALOOSA,W. C. PRYOR MIDDLE SCHOOL,30.44741,-86.62270,691,143,46,34,61,11,323,155,394,105
OKEECHOBEE,OKEECHOBEE HIGH SCHOOL,27.26747,-80.82779,1716,318,23,17,32,11,343,197,248,127
OKEECHOBEE,OSCEOLA MIDDLE SCHOOL,27.21991,-80.83876,766,168,22,17,51,7,312,149,436,113
OKEECHOBEE,YEARLING MIDDLE SCHOOL,27.26634,-80.83827,720,182,33,19,61,12,273,116,391,79
ORANGE,ACCELERATION EAST,28.51798,-81.31173,212,43,2,2,1,0,34,21,21,10
ORANGE,ACCELERATION WEST,28.58001,-81.49465,279,43,1,8,6,4,40,71,64,25
ORANGE,APOPKA HIGH,28.69124,-81.52141,3371,344,31,18,31,21,791,421,349,447
ORANGE,APOPKA MIDDLE,28.68769,-81.50857,1083,100,6,5,9,3,423,218,497,129
ORANGE,AUDUBON PARK SCHOOL,28.56608,-81.34713,796,62,22,8,24,4,414,90,436,109
ORANGE,AVALON MIDDLE,28.50006,-81.15188,1023,94,22,21,38,8,752,290,810,248
ORANGE,BLANKNER K-8,28.51471,-81.36489,974,99,11,6,19,6,466,98,493,162
ORANGE,BRIDGEWATER MIDDLE,28.47991,-81.61401,2608,169,49,28,52,12,1605,671,1642,511
ORANGE,CARVER MIDDLE,28.52613,-81.43642,832,106,14,8,20,3,233,146,285,63
ORANGE,CHAIN OF LAKES MIDDLE,28.49216,-81.50460,1302,108,19,16,17,4,518,190,502,173
ORANGE,COLLEGE PARK MIDDLE,28.58410,-81.39721,964,127,26,17,26,10,341,138,327,133
ORANGE,COLONIAL HIGH,28.55372,-81.30225,3403,445,31,39,38,27,607,391,346,444
ORANGE,CONWAY MIDDLE,28.50061,-81.32790,989,130,16,5,21,5,384,178,445,129
ORANGE,CORNER LAKE MIDDLE,28.56453,-81.12994,943,132,12,7,27,6,414,159,426,146
ORANGE,CYPRESS CREEK HIGH,28.37959,-81.38061,3369,282,26,22,26,25,726,468,311,442
ORANGE,DISCOVERY MIDDLE,28.54213,-81.19282,901,102,18,19,27,9,538,236,595,226
ORANGE,DR. PHILLIPS HIGH,28.47100,-81.47681,3878,277,27,20,21,18,944,607,403,588
ORANGE,EAST RIVER HIGH,28.55726,-81.13101,2043,278,24,23,22,23,479,261,170,328
ORANGE,EDGEWATER HIGH,28.58140,-81.39194,2017,187,19,20,20,24,451,283,198,363
ORANGE,FREEDOM HIGH,28.41605,-81.41284,3990,266,23,19,20,22,934,517,461,588
ORANGE,FREEDOM MIDDLE,28.41484,-81.41720,1255,91,12,10,16,6,457,212,522,168
ORANGE,GLENRIDGE MIDDLE,28.57781,-81.33621,1341,148,32,20,35,9,735,307,778,263
ORANGE,GOTHA MIDDLE,28.52994,-81.51129,1217,158,31,25,36,7,589,290,603,166
ORANGE,HOWARD MIDDLE,28.54527,-81.36736,1014,47,13,6,15,7,760,323,745,191
ORANGE,HUNTERS CREEK MIDDLE,28.36785,-81.43514,1341,70,11,7,29,5,739,251,896,271
ORANGE,INNOVATION MIDDLE,28.42258,-81.21071,1206,94,19,23,32,4,735,351,777,206
ORANGE,JONES HIGH,28.53319,-81.39962,1577,195,12,16,9,17,178,133,102,110
ORANGE,JUDSON B WALKER MIDDLE,28.45996,-81.37701,1000,111,10,9,18,3,307,190,340,107
ORANGE,LAKE NONA HIGH,28.38121,-81.24553,3266,230,29,14,33,22,984,431,596,620
ORANGE,LAKE NONA MIDDLE,28.36686,-81.24567,1485,109,39,19,44,14,994,345,1062,305
ORANGE,LAKEVIEW MIDDLE,28.56450,-81.60241,908,99,7,4,5,1,432,169,397,138
ORANGE,LEGACY MIDDLE,28.54574,-81.21912,924,118,16,15,23,9,448,180,416,137
ORANGE,LIBERTY MIDDLE,28.50234,-81.26851,1147,196,34,16,33,10,458,197,443,126
ORANGE,LOCKHART MIDDLE,28.62282,-81.42131,865,104,8,6,11,1,273,177,263,70
ORANGE,MAITLAND MIDDLE,28.63341,-81.34247,795,73,16,17,15,2,488,208,486,178
ORANGE,MAYNARD EVANS HIGH,28.58072,-81.44810,2515,257,16,19,19,21,322,265,258,369
ORANGE,MEADOW WOODS MIDDLE,28.37123,-81.34443,982,152,28,17,29,8,414,205,419,140
ORANGE,MEADOWBROOK MIDDLE,28.59533,-81.46334,994,107,4,6,5,1,200,147,252,81
ORANGE,MEMORIAL MIDDLE,28.51147,-81.40634,803,124,24,11,18,9,238,154,245,70
ORANGE,OAK RIDGE HIGH,28.47160,-81.38587,2610,238,18,18,25,23,378,282,286,381
ORANGE,OCOEE HIGH,28.60003,-81.55778,2576,230,17,21,14,13,483,386,255,392
ORANGE,OCOEE MIDDLE,28.56662,-81.54185,1356,109,15,12,17,7,624,331,656,211
ORANGE,OCPS ACADEMIC CENTER FOR EXCELLENCE,28.54753,-81.38914,959,121,6,3,7,0,135,36,170,33
ORANGE,ODYSSEY MIDDLE,28.47448,-81.25729,876,112,21,17,23,5,430,216,427,142
ORANGE,OLYMPIA HIGH,28.49821,-81.50620,3266,203,23,17,14,20,824,530,360,455
ORANGE,PIEDMONT LAKES MIDDLE,28.63865,-81.47806,1095,185,30,19,41,8,407,185,562,145
ORANGE,ROBINSWOOD MIDDLE,28.56038,-81.47120,1221,118,17,14,20,7,384,267,345,142
ORANGE,SOUTH CREEK MIDDLE,28.39406,-81.34151,1096,115,12,12,19,5,570,242,573,169
ORANGE,SOUTHWEST MIDDLE,28.46965,-81.49319,1446,124,29,22,37,12,731,323,737,197
ORANGE,STONEWALL JACKSON MIDDLE,28.52992,-81.30325,1009,94,6,5,9,1,402,179,359,100
ORANGE,SUNRIDGE MIDDLE,28.53778,-81.60275,1407,157,43,23,50,19,981,371,977,299
ORANGE,TIMBER CREEK HIGH,28.52702,-81.14782,3477,291,34,28,27,32,1191,467,493,709
ORANGE,TIMBER SPRINGS MIDDLE,28.53392,-81.13801,933,78,22,15,29,6,584,253,647,183
ORANGE,UNION PARK MIDDLE,28.57117,-81.24857,782,129,7,6,5,2,197,94,207,57
ORANGE,UNIVERSITY HIGH,28.57812,-81.21555,2839,338,27,33,31,28,681,492,264,412
ORANGE,WEDGEFIELD SCHOOL,28.48972,-81.07864,941,83,8,3,20,2,371,81,368,117
ORANGE,WEKIVA HIGH,28.63851,-81.47312,2174,280,20,24,22,14,398,299,203,307
ORANGE,WEST ORANGE HIGH,28.54223,-81.56701,2448,216,18,19,24,16,737,338,342,360
ORANGE,WESTRIDGE MIDDLE,28.47080,-81.42146,1249,101,5,4,11,6,326,153,378,100
ORANGE,WILLIAM R BOONE HIGH,28.51913,-81.36557,2874,274,25,33,26,31,872,486,454,556
ORANGE,WINDERMERE HIGH,28.47858,-81.57786,3356,174,16,12,10,12,1109,426,594,690
ORANGE,WINDY RIDGE K-8,28.50327,-81.49835,1179,112,39,5,35,9,525,76,551,175
ORANGE,WINTER PARK HIGH,28.58422,-81.32191,3355,273,30,33,36,26,1089,519,483,692
ORANGE,WOLF LAKE MIDDLE,28.72961,-81.54176,1370,124,10,12,16,5,675,339,689,210
OSCEOLA,CELEBRATION HIGH SCHOOL,28.29867,-81.56898,2663,239,24,16,23,19,616,382,346,420
OSCEOLA,CELEBRATION SCHOOL,28.31962,-81.54471,1531,113,26,10,38,13,744,154,800,294
OSCEOLA,DENN JOHN MIDDLE SCHOOL,28.30909,-81.37913,964,151,15,9,17,4,306,182,351,140
OSCEOLA,DISCOVERY INTERMEDIATE SCHOOL,28.16952,-81.49838,937,147,29,19,33,17,305,212,316,126
OSCEOLA,GATEWAY HIGH SCHOOL,28.29599,-81.36027,1729,208,15,21,18,28,329,252,178,326
OSCEOLA,HARMONY HIGH SCHOOL,28.18661,-81.15302,2004,211,18,20,28,29,495,310,320,315
OSCEOLA,HORIZON MIDDLE SCHOOL,28.24365,-81.46469,1336,201,46,24,50,8,573,280,623,225
OSCEOLA,KISSIMMEE MIDDLE SCHOOL,28.31730,-81.43800,1341,216,47,16,53,7,372,223,412,137
OSCEOLA,LIBERTY HIGH SCHOOL,28.16245,-81.44346,2046,293,20,7,18,9,310,183,146,215
OSCEOLA,NARCOOSSEE MIDDLE SCHOOL,28.32764,-81.23580,1295,149,39,25,46,13,750,346,777,291
OSCEOLA,NEPTUNE MIDDLE SCHOOL,28.25894,-81.33388,1330,167,36,36,42,18,628,377,663,266
OSCEOLA,OSCEOLA HIGH SCHOOL,28.28714,-81.42582,2467,298,22,11,23,20,360,323,248,261
OSCEOLA,PARKWAY MIDDLE SCHOOL,28.32733,-81.36865,961,113,15,9,18,6,378,193,336,142
OSCEOLA,POINCIANA HIGH SCHOOL,28.23447,-81.48974,2080,270,24,6,17,17,379,211,228,292
OSCEOLA,ST. CLOUD HIGH SCHOOL,28.23888,-81.28091,2192,266,19,19,25,23,439,338,356,390
OSCEOLA,ST. CLOUD MIDDLE SCHOOL,28.23711,-81.27477,1450,221,42,23,65,11,747,347,853,309
OSCEOLA,TOHOPEKALIGA,28.33498,-81.29407,2339,233,20,12,17,32,519,201,239,419
OSCEOLA,WESTSIDE K-8 SCHOOL,28.31816,-81.64718,1667,156,17,4,15,4,418,101,411,148
OSCEOLA,ZENITH ACCELERATED ACADEMY,28.28620,-81.35463,504,66,1,1,1,2,17,32,28,36
PALM BEACH,ATLANTIC HIGH SCHOOL,26.46247,-80.09775,2303,241,18,24,19,25,513,336,286,305
PALM BEACH,BAK MIDDLE SCHOOL OF THE ARTS,26.74892,-80.08363,1381,42,30,9,24,4,1302,437,1286,405
PALM BEACH,BEAR LAKES MIDDLE SCHOOL,26.73418,-80.10814,781,174,25,20,36,6,222,129,237,52
PALM BEACH,BOCA RATON COMMUNITY HIGH SCHOOL,26.36466,-80.11707,3379,365,58,36,58,34,1041,637,667,441
PALM BEACH,BOCA RATON COMMUNITY MIDDLE SCHOOL,26.35921,-80.11303,1547,254,53,49,87,13,875,400,1011,280
PALM BEACH,BOYNTON BEACH COMMUNITY HIGH,26.54117,-80.08392,1575,286,18,24,23,18,211,185,125,166
PALM BEACH,CARVER MIDDLE SCHOOL,26.45975,-80.11266,929,154,22,22,27,2,377,166,323,80
PALM BEACH,CHRISTA MCAULIFFE MIDDLE SCHOOL,26.55158,-80.14768,1453,237,84,49,91,29,1014,382,1080,348
PALM BEACH,CONGRESS COMMUNITY MIDDLE SCHOOL,26.52304,-80.09254,1264,243,38,33,46,6,408,209,397,118
PALM BEACH,CONNISTON MIDDLE SCHOOL,26.67828,-80.06175,1172,256,52,45,77,13,495,237,542,138
PALM BEACH,CRESTWOOD COMMUNITY MIDDLE,26.69865,-80.23581,786,148,33,20,50,11,388,172,461,91
PALM BEACH,DON ESTRIDGE HIGH TECH MIDDLE SCHOOL,26.38515,-80.12028,1286,115,52,28,67,19,1088,402,1163,372
PALM BEACH,EAGLES LANDING MIDDLE SCHOOL,26.38442,-80.22651,1458,205,76,40,89,22,1009,396,1071,313
PALM BEACH,EMERALD COVE MIDDLE SCHOOL,26.63498,-80.20146,1280,247,89,60,107,27,832,370,896,252
PALM BEACH,FOREST HILL COMMUNITY HIGH SCHOOL,26.65469,-80.06484,2458,356,18,39,26,29,482,305,300,286
PALM BEACH,GLADES CENTRAL HIGH SCHOOL,26.66615,-80.68436,1025,202,5,13,23,20,102,149,106,105
PALM BEACH,HOWELL L. WATKINS MIDDLE SCHOOL,26.81463,-80.08594,912,208,38,20,40,12,309,145,314,92
PALM BEACH,INDEPENDENCE MIDDLE SCHOOL,26.89839,-80.12169,1378,153,43,29,68,19,958,344,1086,356
PALM BEACH,JEAGA MIDDLE SCHOOL,26.73331,-80.13831,932,198,32,36,34,8,288,194,287,84
PALM BEACH,JOHN F. KENNEDY MIDDLE SCHOOL,26.77959,-80.08204,788,142,10,13,10,0,175,148,187,23
PALM BEACH,JOHN I. LEONARD HIGH SCHOOL,26.63227,-80.11823,3518,440,27,46,40,32,575,494,470,478
PALM BEACH,JUPITER HIGH SCHOOL,26.92862,-80.10437,3139,366,62,48,78,45,1083,572,759,611
PALM BEACH,JUPITER MIDDLE SCHOOL,26.90316,-80.10441,1435,219,54,50,98,24,890,374,1006,326
PALM BEACH,L C SWAIN MIDDLE SCHOOL,26.61673,-80.12797,1394,253,48,27,52,15,508,241,602,145
PALM BEACH,LAKE SHORE MIDDLE SCHOOL,26.69023,-80.67283,685,154,20,16,28,11,209,119,227,72
PALM BEACH,LAKE WORTH COMMUNITY MIDDLE,26.63238,-80.07045,1163,231,19,26,29,4,339,194,371,92
PALM BEACH,LAKE WORTH HIGH SCHOOL,26.61504,-80.06638,2413,389,34,27,32,36,328,226,240,275
PALM BEACH,LANTANA MIDDLE SCHOOL,26.58091,-80.06375,906,244,65,44,65,27,387,204,386,123
PALM BEACH,LOGGERS' RUN COMMUNITY MIDDLE SCHOOL,26.34734,-80.22958,1206,171,72,50,83,15,844,344,897,265
PALM BEACH,OKEEHEELEE MIDDLE SCHOOL,26.64818,-80.15530,1471,215,43,28,50,13,637,310,712,145
PALM BEACH,OLYMPIC HEIGHTS COMMUNITY HIGH,26.37727,-80.18904,2174,290,52,39,47,28,644,423,498,385
PALM BEACH,OMNI MIDDLE SCHOOL,26.39976,-80.14755,1473,169,58,32,83,16,994,382,1111,285
PALM BEACH,OSCEOLA CREEK MIDDLE SCHOOL,26.77700,-80.32883,742,123,32,29,43,10,472,227,545,186
PALM BEACH,PAHOKEE MIDDLE-SENIOR HIGH,26.82533,-80.65494,875,202,33,27,26,19,211,119,153,85
PALM BEACH,PALM BEACH CENTRAL HIGH SCHOOL,26.65265,-80.17862,3065,367,44,46,55,56,888,529,591,658
PALM BEACH,PALM BEACH GARDENS HIGH SCHOOL,26.82509,-80.10115,2736,465,43,33,32,34,517,330,287,325
PALM BEACH,PALM BEACH LAKES HIGH SCHOOL,26.75572,-80.10663,2399,412,26,30,25,17,292,257,201,165
PALM BEACH,PALM SPRINGS MIDDLE SCHOOL,26.65343,-80.10318,1586,251,43,38,58,19,697,349,747,240
PALM BEACH,PARK VISTA COMMUNITY HIGH SCHOOL,26.55958,-80.14469,3093,403,52,34,60,36,1053,530,697,627
PALM BEACH,POLO PARK MIDDLE SCHOOL,26.62388,-80.23470,1070,152,56,31,72,15,738,286,791,174
PALM BEACH,ROOSEVELT MIDDLE SCHOOL,26.73040,-80.06538,1074,178,27,19,48,4,452,208,554,104
PALM BEACH,ROYAL PALM BEACH HIGH SCHOOL,26.70737,-80.21007,2308,382,20,16,26,19,490,288,326,269
PALM BEACH,SANTALUCES COMMUNITY HIGH,26.57419,-80.10250,2545,358,28,42,28,22,542,393,409,365
PALM BEACH,SEMINOLE RIDGE COMMUNITY HIGH SCHOOL,26.74605,-80.31008,2192,358,40,28,67,54,574,359,451,432
PALM BEACH,SPANISH RIVER COMMUNITY HIGH SCHOOL,26.39825,-80.14455,2481,230,42,33,36,34,841,489,538,465
PALM BEACH,SUNCOAST COMMUNITY HIGH SCHOOL,26.77832,-80.08173,1591,39,15,10,5,6,702,380,185,371
PALM BEACH,TRADEWINDS MIDDLE SCHOOL,26.60229,-80.12027,1066,183,21,25,36,3,414,202,475,125
PALM BEACH,VILLAGE ACADEMY ON THE ART & SARA JO KOBACKER CAMPUS,26.45340,-80.08629,700,135,2,2,13,2,131,44,120,37
PALM BEACH,WATSON B. DUNCAN MIDDLE SCHOOL,26.84767,-80.11557,1317,298,81,55,88,25,818,326,856,280
PALM BEACH,WELLINGTON HIGH SCHOOL,26.65026,-80.26615,2584,312,62,33,92,40,860,462,594,521
PALM BEACH,WELLINGTON LANDINGS MIDDLE,26.66551,-80.28656,1334,205,85,53,102,24,999,437,1062,346
PALM BEACH,WEST BOCA RATON HIGH SCHOOL,26.36190,-80.24773,2217,205,46,44,40,27,823,719,581,446
PALM BEACH,WESTERN PINES COMMUNITY MIDDLE,26.76477,-80.26291,1147,191,52,47,87,16,778,349,871,254
PALM BEACH,WILLIAM T. DWYER HIGH SCHOOL,26.87707,-80.10631,2317,358,43,12,24,18,595,359,362,319
PALM BEACH,WOODLANDS MIDDLE SCHOOL,26.60118,-80.18875,1348,199,41,28,55,14,791,346,884,246
PASCO,ANCLOTE HIGH SCHOOL,28.18139,-82.77519,1184,165,8,16,9,9,233,165,215,226
PASCO,BAYONET POINT MIDDLE SCHOOL,28.31947,-82.66855,822,151,30,9,32,10,308,116,352,101
PASCO,CENTENNIAL MIDDLE SCHOOL,28.30519,-82.17850,688,169,17,19,25,6,260,140,274,80
PASCO,CHARLES S. RUSHE MIDDLE SCHOOL,28.20463,-82.50613,1223,180,52,32,56,13,810,344,893,267
PASCO,CHASCO MIDDLE SCHOOL,28.28033,-82.68912,693,126,21,18,26,8,251,157,283,84
PASCO,CREWS LAKE MIDDLE SCHOOL.,28.39919,-82.55121,757,134,26,7,36,9,342,137,430,104
PASCO,CYPRESS CREEK MIDDLE/HIGH SCHOOL,28.28245,-82.33918,2049,210,27,35,43,16,843,484,870,407
PASCO,DR. JOHN LONG MIDDLE SCHOOL,28.18718,-82.31797,1544,191,55,28,85,10,1051,431,1206,341
PASCO,FIVAY HIGH SCHOOL,28.33417,-82.65977,1763,260,16,7,15,12,231,148,206,146
PASCO,GULF HIGH SCHOOL,28.23451,-82.71716,1561,315,25,16,23,13,254,130,194,168
PASCO,GULF MIDDLE SCHOOL,28.24429,-82.70833,958,226,54,17,69,22,344,139,432,115
PASCO,HUDSON HIGH SCHOOL,28.36686,-82.64369,1148,234,34,19,19,10,243,153,181,144
PASCO,HUDSON MIDDLE SCHOOL,28.36456,-82.64519,674,126,32,12,37,17,223,144,260,92
PASCO,JAMES W. MITCHELL HIGH SCHOOL,28.19273,-82.66904,2068,220,28,15,25,23,663,288,505,401
PASCO,LAND O' LAKES HIGH SCHOOL,28.26106,-82.47899,1840,158,22,15,23,11,604,178,427,322
PASCO,PASCO HIGH SCHOOL,28.35235,-82.20535,1746,246,11,18,20,10,379,217,281,230
PASCO,PASCO MIDDLE SCHOOL,28.36073,-82.19679,859,138,25,10,26,8,368,177,412,204
PASCO,PAUL R. SMITH MIDDLE SCHOOL,28.17894,-82.77184,997,188,14,15,25,7,378,205,376,119
PASCO,PINE VIEW MIDDLE SCHOOL,28.23469,-82.42762,1050,148,40,34,45,11,599,282,624,179
PASCO,RAYMOND B. STEWART MIDDLE SCHOOL,28.24008,-82.18061,989,197,27,16,34,9,364,184,414,114
PASCO,RIVER RIDGE HIGH SCHOOL,28.26818,-82.62216,1647,199,17,16,12,13,433,262,373,312
PASCO,RIVER RIDGE MIDDLE SCHOOL,28.26818,-82.62216,1181,207,32,30,57,7,595,269,761,192
PASCO,SEVEN SPRINGS MIDDLE SCHOOL,28.19522,-82.67109,1574,193,54,37,91,12,1085,470,1221,341
PASCO,SUNLAKE HIGH SCHOOL,28.20092,-82.50810,2010,184,23,20,28,21,621,281,476,376
PASCO,THOMAS E. WEIGHTMAN MIDDLE SCHOOL,28.25569,-82.30685,1056,136,34,28,39,11,642,293,666,224
PASCO,WENDELL KRINN TECHNICAL HIGH SCHOOL,28.27122,-82.68881,538,112,4,8,3,5,140,76,110,103
PASCO,WESLEY CHAPEL HIGH SCHOOL,28.25604,-82.31111,1433,229,19,12,30,10,348,240,310,217
PASCO,WIREGRASS RANCH HIGH SCHOOL,28.18868,-82.32625,2220,294,55,19,40,28,770,327,579,424
PASCO,ZEPHYRHILLS HIGH SCHOOL,28.24994,-82.18189,1477,251,32,14,41,15,294,144,279,173
PINELLAS,AZALEA MIDDLE SCHOOL,27.79385,-82.74616,837,136,10,4,11,7,202,104,223,70
PINELLAS,BAY POINT MIDDLE SCHOOL,27.71399,-82.66142,1039,150,22,6,25,13,434,161,449,129
PINELLAS,BOCA CIEGA HIGH SCHOOL,27.76097,-82.70997,1724,154,10,8,10,19,333,259,178,252
PINELLAS,CLEARWATER HIGH SCHOOL,27.95992,-82.75503,1798,186,8,14,10,7,337,192,214,201
PINELLAS,COUNTRYSIDE HIGH SCHOOL,28.02259,-82.71147,1856,201,22,28,29,17,413,260,278,316
PINELLAS,DIXIE M. HOLLINS HIGH SCHOOL,27.81554,-82.72254,1821,207,28,27,31,19,387,217,247,225
PINELLAS,DUNEDIN HIGH SCHOOL,28.02852,-82.76957,1320,173,17,15,24,25,261,226,156,187
PINELLAS,DUNEDIN HIGHLAND MIDDLE SCHOOL,27.99907,-82.77553,1024,143,51,8,48,24,506,178,533,172
PINELLAS,EAST LAKE HIGH SCHOOL,28.12767,-82.70104,2234,173,34,29,34,19,758,405,437,471
PINELLAS,FITZGERALD MIDDLE SCHOOL,27.87800,-82.72582,1111,123,12,4,15,2,509,187,565,170
PINELLAS,GIBBS HIGH SCHOOL,27.76103,-82.67792,1159,186,34,7,18,16,240,143,138,140
PINELLAS,JOHN HOPKINS MIDDLE SCHOOL,27.76288,-82.65596,764,74,9,4,7,3,284,105,241,67
PINELLAS,JOSEPH L. CARWISE MIDDLE SCHOOL,28.08871,-82.72677,1273,146,38,29,54,15,772,309,846,258
PINELLAS,LAKEWOOD HIGH SCHOOL,27.71756,-82.65250,1012,77,8,3,6,9,240,140,104,130
PINELLAS,LARGO HIGH SCHOOL,27.91995,-82.78551,1970,163,9,7,6,8,608,292,242,321
PINELLAS,LARGO MIDDLE SCHOOL,27.90822,-82.78390,805,74,9,5,19,7,308,145,357,102
PINELLAS,LEALMAN INNOVATION ACADEMY,27.81640,-82.67278,511,170,3,2,5,5,40,21,34,25
PINELLAS,MADEIRA BEACH FUNDAMENTAL K-8,27.80919,-82.79062,1379,110,39,13,45,7,873,281,957,294
PINELLAS,MEADOWLAWN MIDDLE SCHOOL,27.82759,-82.65620,1072,199,58,12,64,12,403,140,434,127
PINELLAS,NORTHEAST HIGH SCHOOL,27.82272,-82.65682,1653,163,28,17,17,23,400,208,256,292
PINELLAS,OAK GROVE MIDDLE SCHOOL,27.94727,-82.74798,1143,144,20,9,22,13,399,194,444,142
PINELLAS,OSCEOLA FUNDAMENTAL HIGH,27.86098,-82.77257,1718,123,35,36,26,12,660,338,428,425
PINELLAS,OSCEOLA MIDDLE SCHOOL,27.85637,-82.77362,1207,214,61,26,76,16,565,228,583,174
PINELLAS,PALM HARBOR MIDDLE SCHOOL,28.06628,-82.75295,1256,117,23,15,29,15,767,317,777,248
PINELLAS,PALM HARBOR UNIVERSITY HIGH,28.08516,-82.76324,2540,112,19,12,16,17,855,518,420,494
PINELLAS,PINELLAS PARK HIGH SCHOOL,27.88085,-82.72416,1982,176,27,18,24,18,394,330,276,257
PINELLAS,PINELLAS PARK MIDDLE SCHOOL,27.83447,-82.73317,1183,167,20,22,26,5,446,195,598,146
PINELLAS,SAFETY HARBOR MIDDLE SCHOOL,28.00008,-82.68880,1189,135,18,11,29,11,546,226,619,220
PINELLAS,SEMINOLE HIGH SCHOOL,27.84887,-82.81988,1892,184,16,17,19,25,443,232,265,319
PINELLAS,SEMINOLE MIDDLE SCHOOL,27.85189,-82.81902,1107,132,14,13,17,3,541,199,558,201
PINELLAS,ST. PETERSBURG HIGH SCHOOL,27.77808,-82.66822,1965,106,13,6,5,7,580,356,257,358
PINELLAS,TARPON SPRINGS HIGH SCHOOL,28.14497,-82.77754,1376,105,4,7,5,10,355,218,211,218
PINELLAS,TARPON SPRINGS MIDDLE SCHOOL,28.15087,-82.78010,809,78,18,6,14,7,412,158,407,146
PINELLAS,THURGOOD MARSHALL FUNDAMENTAL,27.74970,-82.68662,940,95,44,8,36,10,663,233,658,195
PINELLAS,TYRONE MIDDLE SCHOOL,27.79289,-82.72560,941,96,14,9,9,3,334,136,317,106
POLK,AUBURNDALE SENIOR HIGH SCHOOL,28.07220,-81.78550,1654,192,19,22,26,14,300,245,229,190
POLK,BARTOW MIDDLE SCHOOL,27.87956,-81.84019,891,177,27,37,39,11,313,223,350,110
POLK,BARTOW SENIOR HIGH SCHOOL,27.88576,-81.84006,2273,247,22,13,22,16,536,300,301,293
POLK,CITRUS RIDGE A CIVICS ACADEMY,28.31005,-81.66445,1895,285,29,14,31,6,443,141,468,119
POLK,CRYSTAL LAKE MIDDLE SCHOOL,28.02595,-81.92699,932,166,22,18,29,12,249,140,275,75
POLK,DENISON MIDDLE SCHOOL,28.01947,-81.72113,727,116,21,8,22,7,194,91,188,63
POLK,FORT MEADE MIDDLE/SENIOR HIGH SCHOOL,27.76078,-81.78237,756,113,20,13,20,5,237,112,227,77
POLK,FROSTPROOF MIDDLE/SENIOR HIGH,27.76122,-81.53269,1196,176,11,14,19,8,305,179,352,128
POLK,GEORGE W. JENKINS SENIOR HIGH,27.95709,-81.92026,2292,244,27,14,28,24,616,308,393,378
POLK,HAINES CITY SENIOR HIGH SCHOOL,28.09968,-81.60827,2510,234,26,20,17,20,505,266,220,337
POLK,JERE L. STAMBAUGH MIDDLE,28.07094,-81.78802,1102,191,24,14,27,7,255,158,252,69
POLK,KATHLEEN MIDDLE SCHOOL,28.12474,-82.01964,645,132,25,16,31,6,220,114,224,69
POLK,KATHLEEN SENIOR HIGH SCHOOL,28.05659,-81.99893,2086,298,23,15,20,19,326,211,156,223
POLK,LAKE ALFRED POLYTECH ACADEMY,28.10545,-81.72807,549,68,13,10,19,4,221,132,237,49
POLK,LAKE GIBSON MIDDLE SCHOOL,28.12959,-81.95471,1294,203,30,33,41,12,503,298,493,163
POLK,LAKE GIBSON SENIOR HIGH SCHOOL,28.13379,-81.95496,1818,208,13,9,17,13,340,219,151,214
POLK,LAKE MARION CREEK MIDDLE SCHOOL,28.06661,-81.73150,622,110,11,9,17,5,140,115,120,40
POLK,LAKE REGION HIGH SCHOOL,27.98008,-81.74679,1510,187,18,15,17,15,232,172,134,163
POLK,LAKELAND HIGHLANDS MIDDLE SCHOOL,27.97671,-81.95153,1278,173,33,30,42,10,689,306,694,207
POLK,LAKELAND SENIOR HIGH SCHOOL,28.03440,-81.93790,2105,197,19,21,21,12,588,370,294,319
POLK,MCLAUGHLIN MIDDLE SCHOOL AND FINE ARTS ACADEMY,27.88853,-81.58450,672,112,18,13,19,5,135,104,132,53
POLK,MULBERRY MIDDLE SCHOOL,27.89244,-81.96545,1151,184,23,17,25,8,506,255,549,136
POLK,MULBERRY SENIOR HIGH SCHOOL,27.89533,-81.96977,1193,175,13,16,18,17,221,132,190,177
POLK,RIDGE COMMUNITY HIGH SCHOOL,28.14909,-81.62779,2951,273,27,10,25,21,542,296,297,361
POLK,ROSABELLE W. BLAKE ACADEMY,28.03861,-81.96557,726,45,3,1,2,0,247,84,258,65
POLK,SHELLEY S. BOONE MIDDLE SCHOOL,28.10130,-81.61291,1180,177,24,12,38,7,285,160,299,84
POLK,SLEEPY HILL MIDDLE SCHOOL,28.09327,-81.99181,1051,161,28,14,31,8,359,187,325,119
POLK,SOUTHWEST MIDDLE SCHOOL,28.01317,-81.96427,802,189,34,15,31,10,283,131,248,64
POLK,TENOROC HIGH SCHOOL,28.07180,-81.85936,1091,178,10,11,17,7,125,113,92,92
POLK,WESTWOOD MIDDLE SCHOOL,28.03130,-81.76993,742,113,11,17,18,4,190,175,200,54
POLK,WINTER HAVEN SENIOR HIGH SCHOOL,28.01343,-81.71746,2318,218,19,10,21,17,442,298,268,297
PUTNAM,C. H. PRICE MIDDLE SCHOOL,29.63386,-81.88508,644,166,33,19,44,6,219,127,225,57
PUTNAM,CRESCENT CITY HIGH SCHOOL,29.40508,-81.50942,582,74,14,10,16,10,104,61,59,47
PUTNAM,GEORGE C. MILLER JR. MIDDLE SCHOOL,29.42988,-81.50851,548,97,24,9,37,7,204,94,242,39
PUTNAM,INTERLACHEN HIGH SCHOOL,29.62466,-81.88619,711,140,19,20,20,7,136,93,91,56
PUTNAM,PALATKA HIGH SCHOOL,29.64460,-81.66956,1106,146,16,11,20,23,181,112,98,64
PUTNAM,"ROBERT H. JENKINS, JUNIOR MIDDLE",29.66005,-81.64712,529,145,36,33,40,10,139,100,147,46
ST. JOHNS,ALICE B. LANDRUM MIDDLE SCHOOL,30.16543,-81.39117,1230,127,51,35,74,14,983,485,1099,362
ST. JOHNS,ALLEN D NEASE SENIOR HIGH SCHOOL,30.08060,-81.44844,2628,233,43,35,48,40,1084,478,782,564
ST. JOHNS,BARTRAM TRAIL HIGH SCHOOL,30.04444,-81.60940,2666,282,49,34,68,40,1013,566,769,539
ST. JOHNS,CREEKSIDE HIGH SCHOOL,30.08112,-81.56295,2269,233,51,37,68,39,956,388,683,501
ST. JOHNS,FRUIT COVE MIDDLE SCHOOL,30.11013,-81.57808,1276,159,47,50,80,19,954,412,1026,311
ST. JOHNS,GAMBLE ROGERS MIDDLE SCHOOL,29.98701,-81.36769,915,188,41,45,63,17,472,262,594,164
ST. JOHNS,LIBERTY PINES ACADEMY,30.07877,-81.52689,1592,151,54,23,70,13,868,204,947,299
ST. JOHNS,PACETTI BAY MIDDLE SCHOOL,29.94508,-81.50244,1472,224,64,58,104,26,1049,495,1187,404
ST. JOHNS,PATRIOT OAKS ACADEMY,30.08324,-81.53837,1445,154,64,12,68,18,839,177,868,264
ST. JOHNS,PEDRO MENENDEZ HIGH SCHOOL,29.75742,-81.33261,1326,216,29,24,27,24,388,211,254,167
ST. JOHNS,PONTE VEDRA HIGH SCHOOL,30.11252,-81.39507,1816,154,29,34,33,18,755,262,556,389
ST. JOHNS,R J MURRAY MIDDLE SCHOOL,29.89252,-81.35574,765,153,30,36,34,7,440,207,436,134
ST. JOHNS,SEBASTIAN MIDDLE SCHOOL,29.91943,-81.33725,727,155,30,31,40,12,382,179,420,169
ST. JOHNS,ST. AUGUSTINE HIGH SCHOOL,29.92512,-81.34051,1767,302,53,44,52,23,588,332,395,304
ST. JOHNS,ST. JOHNS TECHNICAL HIGH SCHOOL,29.92127,-81.34638,293,205,13,27,32,18,23,37,55,27
ST. JOHNS,SWITZERLAND POINT MIDDLE SCHOOL,30.06412,-81.64693,1313,192,53,34,99,27,961,447,1100,374
ST. JOHNS,VALLEY RIDGE ACADEMY,30.09891,-81.45488,1406,184,61,14,88,17,783,162,843,255
ST. LUCIE,ALLAPATTAH FLATS K-8,27.32973,-80.44829,1044,170,26,11,28,9,351,101,377,129
ST. LUCIE,DAN MCCARTY MIDDLE SCHOOL,27.43025,-80.33585,853,138,18,12,19,9,187,108,208,55
ST. LUCIE,FOREST GROVE MIDDLE SCHOOL,27.40617,-80.35192,870,98,20,12,17,5,385,182,336,104
ST. LUCIE,FORT PIERCE CENTRAL HIGH SCHOOL,27.39154,-80.35241,2602,271,29,20,29,30,620,446,306,398
ST. LUCIE,FORT PIERCE WESTWOOD ACADEMY THE W.E.S.T. PREP MAGNET,27.46350,-80.37556,1769,189,10,14,15,12,341,180,169,288
ST. LUCIE,LINCOLN PARK ACADEMY,27.45843,-80.34278,1725,85,20,15,26,12,926,370,748,387
ST. LUCIE,MANATEE ACADEMY K-8,27.29974,-80.39560,1354,202,46,9,44,11,598,149,590,159
ST. LUCIE,NORTHPORT K-8 SCHOOL,27.32461,-80.35259,1171,228,30,8,38,11,416,140,475,148
ST. LUCIE,OAK HAMMOCK K-8 SCHOOL,27.27926,-80.38446,1461,198,34,9,38,12,512,125,560,184
ST. LUCIE,PORT ST. LUCIE HIGH SCHOOL,27.30516,-80.28580,1754,227,25,12,24,16,414,171,212,306
ST. LUCIE,SAMUEL S. GAINES ACADEMY OF EMERGING TECHNOLOGIES,27.42454,-80.38063,1052,165,17,6,27,7,263,87,328,90
ST. LUCIE,SOUTHERN OAKS MIDDLE SCHOOL,27.36124,-80.35495,901,107,17,19,23,4,429,219,454,127
ST. LUCIE,SOUTHPORT MIDDLE SCHOOL,27.26821,-80.30055,822,131,15,21,25,7,377,175,415,124
ST. LUCIE,ST. LUCIE WEST CENTENNIAL HIGH,27.29781,-80.38000,2509,361,27,28,24,44,591,426,337,447
ST. LUCIE,ST. LUCIE WEST K-8 SCHOOL,27.29380,-80.38300,1319,171,24,5,29,3,614,129,602,205
ST. LUCIE,TREASURE COAST HIGH SCHOOL,27.24480,-80.36768,2823,327,17,38,31,44,682,427,481,484
ST. LUCIE,WEST GATE K-8 SCHOOL,27.33679,-80.37654,1310,168,21,12,34,11,602,160,626,188
SANTA ROSA,AVALON MIDDLE SCHOOL,30.57170,-87.09765,786,103,26,23,28,8,462,229,529,132
SANTA ROSA,CENTRAL SCHOOL,30.76512,-87.07407,591,89,8,5,16,4,193,61,186,83
SANTA ROSA,GULF BREEZE MIDDLE SCHOOL,30.35928,-87.16860,991,83,26,7,39,13,751,281,812,254
SANTA ROSA,HOBBS MIDDLE SCHOOL,30.62848,-87.06585,740,149,30,20,43,10,358,152,393,117
SANTA ROSA,HOLLEY-NAVARRE MIDDLE SCHOOL,30.40500,-86.89004,991,141,40,30,42,9,627,268,672,190
SANTA ROSA,JAY HIGH SCHOOL,30.94245,-87.15999,449,65,6,6,11,4,137,82,143,63
SANTA ROSA,MARTIN LUTHER KING MIDDLE SCHOOL,30.65024,-87.04349,654,122,24,11,31,12,268,133,280,86
SANTA ROSA,NAVARRE HIGH SCHOOL,30.42363,-86.86028,2309,217,27,26,41,20,762,334,577,430
SANTA ROSA,PACE HIGH SCHOOL,30.61367,-87.15273,1971,182,25,26,29,8,611,485,476,201
SANTA ROSA,THOMAS L SIMS MIDDLE SCHOOL,30.63748,-87.16771,1062,116,33,24,50,11,727,327,833,232
SANTA ROSA,WOODLAWN BEACH MIDDLE SCHOOL,30.39245,-87.00925,1075,103,18,15,26,7,666,289,751,233
SARASOTA,BOOKER HIGH SCHOOL,27.36447,-82.54051,1285,231,23,13,13,19,315,100,177,200
SARASOTA,BOOKER MIDDLE SCHOOL,27.36851,-82.52402,805,194,23,21,68,8,352,161,461,100
SARASOTA,BROOKSIDE MIDDLE SCHOOL,27.30067,-82.52386,755,179,47,18,75,19,430,203,529,173
SARASOTA,HERON CREEK MIDDLE SCHOOL,27.06959,-82.22730,863,155,30,18,46,11,461,188,526,146
SARASOTA,LAUREL NOKOMIS SCHOOL,27.13549,-82.42626,1181,208,46,20,75,19,584,142,662,192
SARASOTA,MCINTOSH MIDDLE SCHOOL,27.32977,-82.47798,714,124,15,16,40,5,384,164,472,121
SARASOTA,NORTH PORT HIGH SCHOOL,27.07354,-82.22345,2349,331,38,20,28,24,625,348,484,373
SARASOTA,RIVERVIEW HIGH SCHOOL,27.28234,-82.51839,2606,284,26,14,32,29,821,320,587,538
SARASOTA,SARASOTA HIGH SCHOOL,27.32481,-82.52717,2142,285,28,23,29,19,614,361,415,360
SARASOTA,SARASOTA MIDDLE SCHOOL,27.27467,-82.47076,1244,127,34,27,50,17,938,330,1014,306
SARASOTA,VENICE MIDDLE SCHOOL,27.07618,-82.35273,784,118,22,24,48,11,442,206,540,150
SARASOTA,VENICE SENIOR HIGH SCHOOL,27.09453,-82.44029,2238,241,42,24,30,25,729,325,570,462
SARASOTA,WOODLAND MIDDLE SCHOOL,27.08530,-82.11758,942,145,23,22,33,6,530,236,577,146
SEMINOLE,CHILES MIDDLE SCHOOL,28.65305,-81.15495,1321,181,59,22,66,12,984,383,1041,307
SEMINOLE,GREENWOOD LAKES MIDDLE SCHOOL,28.73572,-81.34056,965,206,46,13,51,18,484,177,522,157
SEMINOLE,HAGERTY HIGH SCHOOL,28.62513,-81.17799,2417,227,36,23,23,26,902,432,498,492
SEMINOLE,INDIAN TRAILS MIDDLE SCHOOL,28.68743,-81.26355,1248,174,33,29,51,9,731,386,825,228
SEMINOLE,JACKSON HEIGHTS MIDDLE SCHOOL,28.66970,-81.19533,1406,186,52,27,67,19,978,377,1055,342
SEMINOLE,LAKE BRANTLEY HIGH SCHOOL,28.68193,-81.42293,2686,291,29,20,20,21,713,437,438,415
SEMINOLE,LAKE HOWELL HIGH SCHOOL,28.63743,-81.27313,2227,268,29,16,19,28,576,352,328,374
SEMINOLE,LAKE MARY HIGH SCHOOL,28.73685,-81.33661,2914,384,36,22,29,33,762,460,462,467
SEMINOLE,LYMAN HIGH SCHOOL,28.68792,-81.34358,2341,352,41,8,28,23,623,318,381,362
SEMINOLE,MARKHAM WOODS MIDDLE SCHOOL,28.78506,-81.38292,1120,149,22,9,26,7,642,230,622,216
SEMINOLE,MILLENNIUM MIDDLE SCHOOL,28.75443,-81.29610,1544,260,43,23,54,7,746,295,772,191
SEMINOLE,MILWEE MIDDLE SCHOOL,28.68176,-81.34669,1465,227,34,26,44,11,717,310,739,231
SEMINOLE,OVIEDO HIGH SCHOOL,28.67071,-81.21780,2468,295,33,40,31,30,736,478,497,434
SEMINOLE,ROCK LAKE MIDDLE SCHOOL,28.70500,-81.37108,943,123,26,9,35,8,586,238,682,198
SEMINOLE,SANFORD MIDDLE SCHOOL,28.79627,-81.27518,1526,218,38,21,54,13,891,401,958,288
SEMINOLE,SEMINOLE HIGH SCHOOL,28.78093,-81.28279,3813,402,37,24,15,20,1076,538,553,389
SEMINOLE,SOUTH SEMINOLE MIDDLE SCHOOL,28.66028,-81.31921,1155,178,31,8,32,12,526,216,606,179
SEMINOLE,TEAGUE MIDDLE SCHOOL,28.65709,-81.43589,1387,183,29,32,42,7,703,332,752,201
SEMINOLE,TUSKAWILLA MIDDLE SCHOOL,28.63410,-81.26425,1091,146,26,26,38,10,557,261,633,187
SEMINOLE,WINTER SPRINGS HIGH SCHOOL,28.70363,-81.26549,2037,278,18,16,12,20,488,279,318,288
SUMTER,SOUTH SUMTER HIGH SCHOOL,28.67166,-82.11543,1048,171,29,18,23,22,300,147,166,199
SUMTER,SOUTH SUMTER MIDDLE SCHOOL,28.61912,-82.06401,863,155,38,25,51,13,454,172,512,134
SUMTER,WILDWOOD MIDDLE/ HIGH SCHOOL,28.85567,-82.03207,743,133,20,19,14,3,245,110,188,61
SUWANNEE,BRANFORD HIGH SCHOOL,29.96294,-82.92520,706,122,24,11,27,12,248,99,240,116
SUWANNEE,SUWANNEE HIGH SCHOOL,30.28431,-82.99114,1188,126,10,7,9,6,282,157,254,166
SUWANNEE,SUWANNEE MIDDLE SCHOOL,30.27772,-82.99625,1042,144,26,23,29,8,433,227,429,161
TAYLOR,TAYLOR COUNTY MIDDLE SCHOOL,30.12087,-83.57342,559,89,31,13,32,13,270,125,286,72
UNION,LAKE BUTLER MIDDLE SCHOOL,30.01726,-82.33905,754,143,36,20,63,19,401,129,531,179
UNION,UNION COUNTY HIGH SCHOOL,30.01515,-82.33952,587,92,11,12,16,10,177,86,146,101
VOLUSIA,ATLANTIC HIGH SCHOOL,29.14992,-81.02740,1349,230,16,10,22,16,324,133,223,243
VOLUSIA,CAMPBELL MIDDLE SCHOOL,29.19518,-81.03050,846,189,8,16,11,1,217,157,182,61
VOLUSIA,CREEKSIDE MIDDLE SCHOOL,29.06583,-81.04097,1152,161,26,22,44,13,714,287,806,286
VOLUSIA,DAVID C. HINSON SR. MIDDLE SCHOOL,29.24075,-81.09245,1012,177,29,23,47,10,484,234,579,186
VOLUSIA,DELAND HIGH SCHOOL,29.04117,-81.28383,2690,409,25,15,30,24,566,249,366,418
VOLUSIA,DELAND MIDDLE SCHOOL,29.00419,-81.29775,1179,249,33,20,43,12,485,219,519,174
VOLUSIA,DELTONA HIGH SCHOOL,28.94580,-81.24642,1663,325,31,28,26,17,403,240,262,273
VOLUSIA,DELTONA MIDDLE SCHOOL,28.87764,-81.27260,1159,246,45,21,51,17,491,214,492,180
VOLUSIA,GALAXY MIDDLE SCHOOL,28.93143,-81.23224,1035,189,17,18,23,10,454,241,495,185
VOLUSIA,HERITAGE MIDDLE SCHOOL,28.89186,-81.17197,1100,234,30,19,34,20,471,207,503,203
VOLUSIA,HOLLY HILL SCHOOL,29.24879,-81.05621,1084,171,15,2,12,5,203,47,196,77
VOLUSIA,MAINLAND HIGH SCHOOL,29.19809,-81.05257,1870,333,33,17,24,16,343,211,249,210
VOLUSIA,NEW SMYRNA BEACH HIGH SCHOOL,29.00359,-80.93042,1954,302,25,23,20,30,477,234,246,336
VOLUSIA,NEW SMYRNA BEACH MIDDLE SCHOOL,29.00496,-80.92393,1179,228,35,18,36,22,544,265,547,210
VOLUSIA,ORMOND BEACH MIDDLE SCHOOL,29.30848,-81.07099,1065,185,26,25,35,14,557,259,584,195
VOLUSIA,PINE RIDGE HIGH SCHOOL,28.88689,-81.16217,1725,316,28,19,37,32,343,244,234,278
VOLUSIA,RIVER SPRINGS MIDDLE SCHOOL,28.94009,-81.31189,1255,252,30,25,42,18,583,262,631,228
VOLUSIA,SEABREEZE HIGH SCHOOL,29.26677,-81.03003,1652,219,19,12,19,11,467,198,298,274
VOLUSIA,SILVER SANDS MIDDLE SCHOOL,29.13086,-81.01661,1215,193,39,24,53,15,648,299,728,226
VOLUSIA,SOUTHWESTERN MIDDLE SCHOOL,29.00785,-81.31394,783,186,28,21,30,11,341,153,286,116
VOLUSIA,SPRUCE CREEK HIGH SCHOOL,29.10895,-81.01585,2567,306,29,13,44,27,797,202,422,504
VOLUSIA,T. DEWITT TAYLOR MIDDLE-HIGH SCHOOL,29.24667,-81.46037,1149,202,18,10,21,10,293,150,263,155
VOLUSIA,UNIVERSITY HIGH SCHOOL,28.93205,-81.31324,2689,431,42,30,38,22,645,312,406,374
WAKULLA,RIVERSPRINGS MIDDLE SCHOOL,30.21834,-84.31849,546,93,27,14,29,6,306,134,320,85
WAKULLA,WAKULLA HIGH SCHOOL,30.10715,-84.37635,1490,206,36,22,24,13,406,250,236,271
WAKULLA,WAKULLA MIDDLE SCHOOL,30.12699,-84.37148,504,80,23,20,33,7,295,145,349,126
WALTON,EMERALD COAST MIDDLE SCHOOL,30.35905,-86.11450,991,83,27,9,27,11,670,194,660,312
WALTON,FREEPORT MIDDLE SCHOOL,30.50144,-86.13279,555,67,16,3,22,9,313,113,293,132
WALTON,PAXTON SCHOOL,30.97379,-86.30473,802,100,18,5,24,8,274,78,297,129
WALTON,SOUTH WALTON HIGH SCHOOL,30.37877,-86.18014,859,53,8,8,8,8,326,135,243,232
WALTON,WALTON MIDDLE SCHOOL,30.71138,-86.11122,682,93,22,20,32,8,322,177,413,109
WASHINGTON,CHIPLEY HIGH SCHOOL,30.76316,-85.55707,536,84,12,12,10,15,132,75,97,90
WASHINGTON,ROULHAC MIDDLE SCHOOL,30.76314,-85.55588,463,79,25,15,28,8,246,125,266,66
WASHINGTON,VERNON MIDDLE SCHOOL,30.61674,-85.69962,303,61,11,9,14,5,138,56,150,49
