y,d,s,c,g,e1n,e1r,e2n,e2r,e3n,e3r,e4n,e4r,e5n,e5r,m1n,m1r,m2n,m2r,m3n,m3r,m4n,m4r,m5n,m5r,s1n,s1r,s2n,s2r,s3n,s3r,s4n,s4r,s5n,s5r,sc1n,sc1r,sc2n,sc2r,sc3n,sc3r,sc4n,sc4r,sc5n,sc5r,epn,epr,spn,spr,mpn,mpr,scpn,scpr
1718,00,0000,White,Race,85014,13.7,126789,20.4,164473,26.5,159191,25.6,85636,13.8,83814,14.6,90944,15.9,167221,29.2,137108,24,93043,16.3,10559,7.2,18564,12.7,36142,24.7,35093,24,45979,31.4,21162,9.3,46586,20.5,71097,31.2,40678,17.9,48079,21.1,409300,65.9,117215,80.1,397375,69.5,159854,70.2
1718,00,0000,Total Students,Total,328049,20.5,376524,23.5,400020,25,332143,20.8,162047,10.1,333512,22.4,276494,18.6,411638,27.7,288477,19.4,178510,12,44043,12,60575,16.6,95658,26.1,77661,21.2,88046,24.1,91728,16,145761,25.3,169230,29.4,81799,14.2,86512,15,894210,55.9,261366,71.4,878628,59,337541,58.7
1718,00,0000,Students with Disabilities,Subgroups,111532,50.1,55589,25,35196,15.8,16762,7.5,3344,1.5,105326,48.7,44573,20.6,40721,18.8,19558,9.1,5878,2.7,13770,30.8,11953,26.7,10852,24.2,5445,12.2,2756,6.2,29473,40,23007,31.2,13872,18.8,4981,6.8,2396,3.2,55302,24.9,19054,42.6,66160,30.6,21249,28.8
1718,00,0000,Native Hawaiian/Other Pacific Islander,Race,477,17.5,603,22.1,735,26.9,650,23.8,267,9.8,509,19.6,455,17.5,727,28,557,21.5,347,13.4,83,13.7,92,15.2,163,26.9,130,21.5,138,22.8,133,14.3,223,23.9,287,30.8,137,14.7,152,16.3,1652,60.4,431,71.1,1631,62.9,576,61.8
1718,00,0000,Multiracial,Race,9553,17,12840,22.9,14601,26,12619,22.5,6471,11.5,10170,19.4,9711,18.6,14847,28.4,10758,20.6,6848,13.1,1132,9.6,1770,15,3131,26.5,2668,22.6,3103,26.3,2551,12.8,4771,24,5929,29.8,3116,15.7,3516,17.7,33691,60.1,8902,75.4,32453,62,12561,63.2
1718,00,0000,Military Family Student,Subgroups,2700,11.5,4787,20.3,6643,28.2,6286,26.7,3126,13.3,2751,12.3,3425,15.4,6702,30.1,5657,25.4,3762,16.9,305,6,574,11.3,1216,23.9,1272,25,1720,33.8,643,7.6,1634,19.3,2710,32,1606,19,1865,22.1,16055,68.2,4208,82.7,16121,72.3,6181,73.1
1718,00,0000,Migrant,Subgroups,3003,36.7,2643,32.3,1598,19.5,772,9.4,167,2,2413,31.1,1869,24.1,2156,27.8,955,12.3,359,4.6,342,20.7,415,25.2,496,30.1,253,15.3,143,8.7,746,28.3,901,34.1,657,24.9,211,8,124,4.7,2537,31,892,54.1,3470,44.8,992,37.6
1718,00,0000,Male,Gender,199025,24.4,197628,24.3,197846,24.3,153418,18.8,66722,8.2,178939,23.5,136447,18,203276,26.7,147259,19.4,94072,12.4,23126,12.5,29076,15.7,45638,24.7,39342,21.3,47605,25.8,50123,17.2,70954,24.4,81896,28.1,41942,14.4,46222,15.9,417986,51.3,132586,71.8,444610,58.5,170060,58.4
1718,00,0000,Homeless,Subgroups,10022,37.1,7494,27.8,5799,21.5,2944,10.9,723,2.7,9911,38.2,5851,22.6,6279,24.2,2921,11.3,958,3.7,1126,22.9,1143,23.2,1418,28.8,750,15.2,489,9.9,2635,29.5,2810,31.5,2235,25,752,8.4,497,5.6,9466,35.1,2657,53.9,10160,39.2,3484,39
1718,00,0000,Hispanic,Race,113313,21.8,128761,24.7,132690,25.5,101973,19.6,44064,8.5,115252,23.6,96296,19.7,137502,28.1,90425,18.5,49551,10.1,15937,13.6,20787,17.7,32010,27.3,24141,20.6,24335,20.8,32793,17.7,51048,27.5,55554,30,24028,13,22021,11.9,278727,53.5,80486,68.7,277478,56.7,101603,54.8
1718,00,0000,Foster,Subgroups,3158,37.7,2331,27.8,1774,21.2,937,11.2,185,2.2,3006,37.9,1813,22.8,1906,24,941,11.9,274,3.5,306,24.2,297,23.5,349,27.6,199,15.7,113,8.9,744,29.1,818,32,635,24.8,226,8.8,134,5.2,2896,34.5,661,52.3,3121,39.3,995,38.9
1718,00,0000,Female,Gender,129024,16.5,178896,22.8,202174,25.8,178725,22.8,95325,12.2,154573,21.2,140047,19.2,208362,28.6,141218,19.4,84438,11.6,20917,11.5,31499,17.4,50020,27.6,38319,21.1,40441,22.3,41605,14.7,74807,26.4,87334,30.8,39857,14,40290,14.2,476224,60.7,128780,71.1,434018,59.6,167481,59
1718,00,0000,English Language Learners,Subgroups,75867,35.6,61410,28.8,46485,21.8,23532,11,6003,2.8,68217,32.7,45564,21.8,51999,24.9,29954,14.3,13043,6.2,9358,27,8903,25.7,9257,26.7,4481,12.9,2680,7.7,21329,31.1,22701,33.1,16072,23.4,5154,7.5,3415,5,76020,35.6,16418,47.3,94996,45.5,24641,35.9
1718,00,0000,Economically Disadvantaged,Subgroups,273659,26.5,279082,27,253808,24.6,167560,16.2,58261,5.6,275493,28.3,207696,21.3,269128,27.6,153611,15.8,68278,7,36065,16,46136,20.4,63935,28.3,43362,19.2,36137,16,76130,21,107750,29.7,104528,28.8,41348,11.4,32949,9.1,479629,46.5,143434,63.6,491019,50.4,178825,49.3
1718,00,0000,Black/African American,Race,115586,33.2,100494,28.8,76334,21.9,43257,12.4,12848,3.7,120199,36.5,74867,22.8,81821,24.9,38395,11.7,13745,4.2,15677,20.1,18326,23.4,21918,28,12967,16.6,9298,11.9,33957,27.7,40511,33,31376,25.6,10293,8.4,6598,5.4,132439,38,44183,56.5,133961,40.7,48267,39.3
1718,00,0000,Asian,Race,3137,7,5925,13.2,10015,22.2,13561,30.1,12399,27.5,2641,6.7,3413,8.7,8329,21.1,10466,26.6,14538,36.9,476,4.4,844,7.9,1998,18.6,2445,22.8,4960,46.3,874,5.2,2171,13,4454,26.6,3308,19.7,5945,35.5,35975,79.9,9403,87.7,33333,84.6,13707,81.8
1718,00,0000,American Indian/Alaskan Native,Race,969,21.5,1112,24.7,1172,26,892,19.8,362,8,927,22.4,808,19.6,1191,28.8,768,18.6,438,10.6,179,16,192,17.2,296,26.5,217,19.4,233,20.9,258,15.3,451,26.8,533,31.7,239,14.2,201,12,2426,53.8,746,66.8,2397,58,973,57.8
1718,61,0000,White,Race,431,20.7,510,24.5,557,26.7,426,20.5,159,7.6,498,25.9,436,22.7,550,28.6,315,16.4,124,6.4,50,10.5,90,18.9,140,29.4,105,22.1,91,19.1,110,13.8,198,24.8,244,30.5,125,15.6,122,15.3,1142,54.8,336,70.6,989,51.4,491,61.5
1718,61,0042,White,Race,76,20.3,102,27.2,101,26.9,72,19.2,24,6.4,106,28.3,89,23.7,94,25.1,69,18.4,17,4.5,*,*,*,*,*,*,*,*,*,*,50,24.2,69,33.3,49,23.7,28,13.5,11,5.3,197,52.5,*,*,180,48,88,42.5
1718,61,0043,White,Race,69,20.3,81,23.8,87,25.6,76,22.4,27,7.9,78,37.1,37,17.6,71,33.8,17,8.1,7,3.3,10,6.6,24,15.9,39,25.8,44,29.1,34,22.5,6,3.7,26,16,64,39.3,24,14.7,43,26.4,190,55.9,117,77.5,95,45.2,131,80.4
1718,61,0051,White,Race,111,21.9,127,25,131,25.8,98,19.3,40,7.9,131,26,135,26.8,149,29.6,63,12.5,25,5,21,12.7,28,16.9,47,28.3,37,22.3,33,19.9,17,10.2,35,21.1,52,31.3,31,18.7,31,18.7,269,53.1,117,70.5,237,47.1,114,68.7
1718,61,0060,White,Race,24,13.6,30,17,62,35.2,44,25,16,9.1,22,12.6,29,16.6,40,22.9,60,34.3,24,13.7,*,*,*,*,*,*,*,*,*,*,*,*,*,*,*,*,*,*,*,*,122,69.3,*,*,124,70.9,*,*
1718,61,0089,White,Race,44,16.3,65,24.1,75,27.8,61,22.6,25,9.3,54,20.1,48,17.8,83,30.9,53,19.7,31,11.5,*,*,*,*,*,*,*,*,*,*,15,17.6,21,24.7,27,31.8,11,12.9,11,12.9,161,59.6,*,*,167,62.1,49,57.6
1718,61,0091,White,Race,106,27.3,98,25.3,91,23.5,66,17,27,7,100,27.6,88,24.3,105,29,49,13.5,20,5.5,17,11.3,37,24.5,51,33.8,22,14.6,24,15.9,20,12.2,46,28,44,26.8,29,17.7,25,15.2,184,47.4,97,64.2,174,48.1,98,59.8
1718,61,7023,White,Race,3,27.3,3,27.3,2,18.2,3,27.3,0,0,3,27.3,4,36.4,3,27.3,1,9.1,0,0,*,*,*,*,*,*,*,*,*,*,*,*,*,*,*,*,*,*,*,*,5,45.5,*,*,4,36.4,*,*
1718,61,9003,White,Race,*,*,*,*,*,*,*,*,*,*,*,*,*,*,*,*,*,*,*,*,*,*,*,*,*,*,*,*,*,*,*,*,*,*,*,*,*,*,*,*,*,*,*,*,*,*,*,*
1718,61,0000,Total Students,Total,843,25.3,885,26.6,834,25.1,560,16.8,207,6.2,960,31.1,708,22.9,847,27.4,414,13.4,157,5.1,110,14.4,164,21.4,216,28.2,153,20,123,16.1,232,18.6,346,27.7,366,29.4,155,12.4,148,11.9,1601,48.1,492,64.2,1418,45.9,669,53.6
1718,61,0011,Total Students,Total,*,*,*,*,*,*,*,*,*,*,*,*,*,*,*,*,*,*,*,*,*,*,*,*,*,*,*,*,*,*,*,*,*,*,*,*,*,*,*,*,*,*,*,*,*,*,*,*
1718,61,0042,Total Students,Total,181,26.5,193,28.3,171,25.1,101,14.8,36,5.3,247,36.2,158,23.1,159,23.3,95,13.9,24,3.5,*,*,*,*,*,*,*,*,*,*,109,30.9,114,32.3,80,22.7,36,10.2,14,4,308,45.2,*,*,278,40.7,130,36.8
1718,61,0043,Total Students,Total,159,27.1,153,26.1,133,22.7,106,18.1,35,6,163,42,74,19.1,118,30.4,23,5.9,10,2.6,39,14.4,53,19.6,72,26.7,61,22.6,45,16.7,22,7.5,71,24.1,111,37.8,35,11.9,55,18.7,274,46.8,178,65.9,151,38.9,201,68.4
1718,61,0051,Total Students,Total,251,27.9,245,27.2,216,24,139,15.4,50,5.5,291,32.6,244,27.4,233,26.1,89,10,35,3.9,48,15.7,67,21.9,80,26.1,62,20.3,49,16,46,16.6,76,27.4,80,28.9,37,13.4,38,13.7,405,45,191,62.4,357,40,155,56
1718,61,0060,Total Students,Total,58,17.8,82,25.2,103,31.6,64,19.6,19,5.8,62,19,57,17.5,95,29.1,83,25.5,29,8.9,*,*,*,*,*,*,*,*,*,*,*,*,*,*,*,*,*,*,*,*,186,57.1,*,*,207,63.5,*,*
1718,61,0089,Total Students,Total,55,16.8,82,25,92,28,67,20.4,32,9.8,64,19.6,60,18.4,105,32.2,62,19,35,10.7,*,*,*,*,*,*,*,*,*,*,20,19.4,23,22.3,33,32,14,13.6,13,12.6,191,58.2,*,*,202,62,60,58.3
1718,61,0091,Total Students,Total,132,28.3,120,25.8,108,23.2,72,15.5,34,7.3,122,28.2,102,23.6,127,29.4,57,13.2,24,5.6,21,11.5,43,23.6,61,33.5,28,15.4,29,15.9,30,15.1,61,30.7,50,25.1,31,15.6,27,13.6,214,45.9,118,64.8,208,48.1,108,54.3
1718,61,7023,Total Students,Total,4,25,5,31.3,2,12.5,5,31.3,0,0,4,26.7,5,33.3,4,26.7,2,13.3,0,0,*,*,*,*,*,*,*,*,*,*,*,*,*,*,*,*,*,*,*,*,7,43.8,*,*,6,40,*,*
1718,61,9003,Total Students,Total,6,54.5,3,27.3,1,9.1,1,9.1,0,0,*,*,*,*,*,*,*,*,*,*,*,*,*,*,*,*,*,*,*,*,*,*,*,*,*,*,*,*,*,*,2,18.2,*,*,*,*,*,*
1718,61,0000,Students with Disabilities,Subgroups,256,58.3,89,20.3,70,15.9,23,5.2,1,0.2,259,59.3,78,17.8,76,17.4,21,4.8,3,0.7,34,40.5,23,27.4,19,22.6,8,9.5,0,0,64,40.3,55,34.6,29,18.2,11,6.9,0,0,94,21.4,27,32.1,100,22.9,40,25.2
1718,61,0011,Students with Disabilities,Subgroups,*,*,*,*,*,*,*,*,*,*,*,*,*,*,*,*,*,*,*,*,*,*,*,*,*,*,*,*,*,*,*,*,*,*,*,*,*,*,*,*,*,*,*,*,*,*,*,*
1718,61,0042,Students with Disabilities,Subgroups,52,59.8,17,19.5,13,14.9,4,4.6,1,1.1,57,64.8,15,17,9,10.2,6,6.8,1,1.1,*,*,*,*,*,*,*,*,*,*,25,51,12,24.5,7,14.3,5,10.2,0,0,18,20.7,*,*,16,18.2,12,24.5
1718,61,0043,Students with Disabilities,Subgroups,33,62.3,10,18.9,6,11.3,4,7.5,0,0,42,77.8,3,5.6,9,16.7,0,0,0,0,12,54.5,6,27.3,2,9.1,2,9.1,0,0,4,19,10,47.6,6,28.6,1,4.8,0,0,10,18.9,4,18.2,9,16.7,7,33.3
1718,61,0051,Students with Disabilities,Subgroups,68,57.6,24,20.3,22,18.6,4,3.4,0,0,66,55.5,28,23.5,20,16.8,5,4.2,0,0,13,39.4,7,21.2,10,30.3,3,9.1,0,0,16,45.7,12,34.3,6,17.1,1,2.9,0,0,26,22,13,39.4,25,21,7,20
1718,61,0060,Students with Disabilities,Subgroups,26,57.8,7,15.6,6,13.3,6,13.3,0,0,22,48.9,8,17.8,10,22.2,5,11.1,0,0,*,*,*,*,*,*,*,*,*,*,*,*,*,*,*,*,*,*,*,*,12,26.7,*,*,15,33.3,*,*
1718,61,0089,Students with Disabilities,Subgroups,34,57.6,13,22,9,15.3,3,5.1,0,0,32,54.2,7,11.9,16,27.1,2,3.4,2,3.4,*,*,*,*,*,*,*,*,*,*,7,35,7,35,3,15,3,15,0,0,12,20.3,*,*,20,33.9,6,30
1718,61,0091,Students with Disabilities,Subgroups,42,57.5,16,21.9,13,17.8,2,2.7,0,0,37,55.2,16,23.9,11,16.4,3,4.5,0,0,8,29.6,10,37,6,22.2,3,11.1,0,0,10,31.3,14,43.8,7,21.9,1,3.1,0,0,15,20.5,9,33.3,14,20.9,8,25
1718,61,7023,Students with Disabilities,Subgroups,*,*,*,*,*,*,*,*,*,*,*,*,*,*,*,*,*,*,*,*,*,*,*,*,*,*,*,*,*,*,*,*,*,*,*,*,*,*,*,*,*,*,*,*,*,*,*,*
1718,61,9003,Students with Disabilities,Subgroups,*,*,*,*,*,*,*,*,*,*,*,*,*,*,*,*,*,*,*,*,*,*,*,*,*,*,*,*,*,*,*,*,*,*,*,*,*,*,*,*,*,*,*,*,*,*,*,*
1718,61,0000,Multiracial,Race,28,24.3,38,33,32,27.8,10,8.7,7,6.1,36,34.3,24,22.9,30,28.6,7,6.7,8,7.6,1,4.2,9,37.5,5,20.8,7,29.2,2,8.3,6,20,10,33.3,10,33.3,3,10,1,3.3,49,42.6,14,58.3,45,42.9,14,46.7
1718,61,0042,Multiracial,Race,9,34.6,7,26.9,7,26.9,1,3.8,2,7.7,11,40.7,7,25.9,7,25.9,1,3.7,1,3.7,*,*,*,*,*,*,*,*,*,*,6,50,2,16.7,4,33.3,0,0,0,0,10,38.5,*,*,9,33.3,4,33.3
1718,61,0043,Multiracial,Race,3,18.8,7,43.8,4,25,2,12.5,0,0,*,*,*,*,*,*,*,*,*,*,*,*,*,*,*,*,*,*,*,*,*,*,*,*,*,*,*,*,*,*,6,37.5,*,*,*,*,*,*
1718,61,0051,Multiracial,Race,8,25.8,11,35.5,7,22.6,3,9.7,2,6.5,9,32.1,11,39.3,5,17.9,1,3.6,2,7.1,0,0,5,38.5,4,30.8,3,23.1,1,7.7,*,*,*,*,*,*,*,*,*,*,12,38.7,8,61.5,8,28.6,*,*
1718,61,0060,Multiracial,Race,2,14.3,4,28.6,6,42.9,2,14.3,0,0,3,21.4,1,7.1,7,50,1,7.1,2,14.3,*,*,*,*,*,*,*,*,*,*,*,*,*,*,*,*,*,*,*,*,8,57.1,*,*,10,71.4,*,*
1718,61,0089,Multiracial,Race,2,11.8,5,29.4,6,35.3,2,11.8,2,11.8,3,17.6,3,17.6,6,35.3,2,11.8,3,17.6,*,*,*,*,*,*,*,*,*,*,*,*,*,*,*,*,*,*,*,*,10,58.8,*,*,11,64.7,*,*
1718,61,0091,Multiracial,Race,3,30,4,40,2,20,0,0,1,10,*,*,*,*,*,*,*,*,*,*,*,*,*,*,*,*,*,*,*,*,*,*,*,*,*,*,*,*,*,*,3,30,*,*,*,*,*,*
1718,61,7023,Multiracial,Race,*,*,*,*,*,*,*,*,*,*,*,*,*,*,*,*,*,*,*,*,*,*,*,*,*,*,*,*,*,*,*,*,*,*,*,*,*,*,*,*,*,*,*,*,*,*,*,*
1718,61,0000,Military Family Student,Subgroups,4,36.4,0,0,4,36.4,1,9.1,2,18.2,1,10,2,20,3,30,4,40,0,0,*,*,*,*,*,*,*,*,*,*,*,*,*,*,*,*,*,*,*,*,7,63.6,*,*,7,70,*,*
1718,61,0042,Military Family Student,Subgroups,*,*,*,*,*,*,*,*,*,*,*,*,*,*,*,*,*,*,*,*,*,*,*,*,*,*,*,*,*,*,*,*,*,*,*,*,*,*,*,*,*,*,*,*,*,*,*,*
1718,61,0043,Military Family Student,Subgroups,*,*,*,*,*,*,*,*,*,*,*,*,*,*,*,*,*,*,*,*,*,*,*,*,*,*,*,*,*,*,*,*,*,*,*,*,*,*,*,*,*,*,*,*,*,*,*,*
1718,61,0051,Military Family Student,Subgroups,*,*,*,*,*,*,*,*,*,*,*,*,*,*,*,*,*,*,*,*,*,*,*,*,*,*,*,*,*,*,*,*,*,*,*,*,*,*,*,*,*,*,*,*,*,*,*,*
1718,61,0000,Migrant,Subgroups,26,35.1,21,28.4,14,18.9,11,14.9,2,2.7,25,38.5,12,18.5,19,29.2,5,7.7,4,6.2,2,14.3,4,28.6,3,21.4,2,14.3,3,21.4,8,28.6,9,32.1,9,32.1,2,7.1,0,0,27,36.5,8,57.1,28,43.1,11,39.3
1718,61,0011,Migrant,Subgroups,*,*,*,*,*,*,*,*,*,*,*,*,*,*,*,*,*,*,*,*,*,*,*,*,*,*,*,*,*,*,*,*,*,*,*,*,*,*,*,*,*,*,*,*,*,*,*,*
1718,61,0042,Migrant,Subgroups,5,26.3,5,26.3,6,31.6,3,15.8,0,0,6,31.6,4,21.1,6,31.6,1,5.3,2,10.5,*,*,*,*,*,*,*,*,*,*,5,45.5,4,36.4,2,18.2,0,0,0,0,9,47.4,*,*,9,47.4,2,18.2
1718,61,0043,Migrant,Subgroups,5,38.5,4,30.8,1,7.7,2,15.4,1,7.7,*,*,*,*,*,*,*,*,*,*,*,*,*,*,*,*,*,*,*,*,*,*,*,*,*,*,*,*,*,*,4,30.8,*,*,*,*,*,*
1718,61,0051,Migrant,Subgroups,9,42.9,6,28.6,3,14.3,3,14.3,0,0,11,52.4,6,28.6,3,14.3,1,4.8,0,0,*,*,*,*,*,*,*,*,*,*,*,*,*,*,*,*,*,*,*,*,6,28.6,*,*,4,19,*,*
1718,61,0060,Migrant,Subgroups,4,36.4,4,36.4,1,9.1,1,9.1,1,9.1,5,45.5,0,0,5,45.5,0,0,1,9.1,*,*,*,*,*,*,*,*,*,*,*,*,*,*,*,*,*,*,*,*,3,27.3,*,*,6,54.5,*,*
1718,61,0089,Migrant,Subgroups,*,*,*,*,*,*,*,*,*,*,*,*,*,*,*,*,*,*,*,*,*,*,*,*,*,*,*,*,*,*,*,*,*,*,*,*,*,*,*,*,*,*,*,*,*,*,*,*
1718,61,0091,Migrant,Subgroups,*,*,*,*,*,*,*,*,*,*,*,*,*,*,*,*,*,*,*,*,*,*,*,*,*,*,*,*,*,*,*,*,*,*,*,*,*,*,*,*,*,*,*,*,*,*,*,*
1718,61,0000,Male,Gender,522,30.3,469,27.2,405,23.5,234,13.6,94,5.5,526,33,361,22.7,411,25.8,207,13,87,5.5,56,14.8,79,20.8,99,26.1,81,21.4,64,16.9,120,18.8,180,28.2,179,28.1,83,13,76,11.9,733,42.5,244,64.4,705,44.3,338,53
1718,61,0011,Male,Gender,*,*,*,*,*,*,*,*,*,*,*,*,*,*,*,*,*,*,*,*,*,*,*,*,*,*,*,*,*,*,*,*,*,*,*,*,*,*,*,*,*,*,*,*,*,*,*,*
1718,61,0042,Male,Gender,98,30.2,97,29.8,81,24.9,36,11.1,13,4,126,38.8,67,20.6,73,22.5,44,13.5,15,4.6,*,*,*,*,*,*,*,*,*,*,56,33.3,53,31.5,34,20.2,19,11.3,6,3.6,130,40,*,*,132,40.6,59,35.1
1718,61,0043,Male,Gender,95,31.8,71,23.7,74,24.7,40,13.4,19,6.4,87,43.5,41,20.5,57,28.5,10,5,5,2.5,19,14.1,25,18.5,33,24.4,38,28.1,20,14.8,11,7.8,33,23.4,51,36.2,20,14.2,26,18.4,133,44.5,91,67.4,72,36,97,68.8
1718,61,0051,Male,Gender,166,34.2,127,26.1,98,20.2,68,14,27,5.6,167,34.7,127,26.4,120,24.9,47,9.8,20,4.2,25,16.2,33,21.4,38,24.7,31,20.1,27,17.5,23,14.6,48,30.4,43,27.2,21,13.3,23,14.6,193,39.7,96,62.3,187,38.9,87,55.1
1718,61,0060,Male,Gender,35,19.7,52,29.2,54,30.3,28,15.7,9,5.1,35,19.7,31,17.4,50,28.1,46,25.8,16,9,*,*,*,*,*,*,*,*,*,*,*,*,*,*,*,*,*,*,*,*,91,51.1,*,*,112,62.9,*,*
1718,61,0089,Male,Gender,35,22.3,48,30.6,38,24.2,25,15.9,11,7,37,23.7,30,19.2,44,28.2,25,16,20,12.8,*,*,*,*,*,*,*,*,*,*,10,19.2,10,19.2,17,32.7,8,15.4,7,13.5,74,47.1,*,*,89,57.1,32,61.5
1718,61,0091,Male,Gender,87,33.5,71,27.3,56,21.5,32,12.3,14,5.4,67,28.8,61,26.2,62,26.6,32,13.7,11,4.7,11,12.5,21,23.9,27,30.7,12,13.6,17,19.3,19,17,36,32.1,29,25.9,14,12.5,14,12.5,102,39.2,56,63.6,105,45.1,57,50.9
1718,61,7023,Male,Gender,*,*,*,*,*,*,*,*,*,*,*,*,*,*,*,*,*,*,*,*,*,*,*,*,*,*,*,*,*,*,*,*,*,*,*,*,*,*,*,*,*,*,*,*,*,*,*,*
1718,61,9003,Male,Gender,6,54.5,3,27.3,1,9.1,1,9.1,0,0,*,*,*,*,*,*,*,*,*,*,*,*,*,*,*,*,*,*,*,*,*,*,*,*,*,*,*,*,*,*,2,18.2,*,*,*,*,*,*
1718,61,0000,Homeless,Subgroups,81,35.2,58,25.2,55,23.9,25,10.9,11,4.8,81,38.4,51,24.2,47,22.3,28,13.3,4,1.9,10,27,8,21.6,14,37.8,2,5.4,3,8.1,22,25,24,27.3,31,35.2,5,5.7,6,6.8,91,39.6,19,51.4,79,37.4,42,47.7
1718,61,0011,Homeless,Subgroups,*,*,*,*,*,*,*,*,*,*,*,*,*,*,*,*,*,*,*,*,*,*,*,*,*,*,*,*,*,*,*,*,*,*,*,*,*,*,*,*,*,*,*,*,*,*,*,*
1718,61,0042,Homeless,Subgroups,19,33.9,17,30.4,11,19.6,7,12.5,2,3.6,23,40.4,12,21.1,16,28.1,6,10.5,0,0,*,*,*,*,*,*,*,*,*,*,13,37.1,12,34.3,8,22.9,2,5.7,0,0,20,35.7,*,*,22,38.6,10,28.6
1718,61,0043,Homeless,Subgroups,16,41,9,23.1,5,12.8,7,17.9,2,5.1,13,56.5,3,13,4,17.4,1,4.3,2,8.7,4,36.4,3,27.3,3,27.3,1,9.1,0,0,1,5,4,20,11,55,1,5,3,15,14,35.9,4,36.4,7,30.4,15,75
1718,61,0051,Homeless,Subgroups,28,43.8,12,18.8,20,31.3,3,4.7,1,1.6,31,49.2,14,22.2,13,20.6,5,7.9,0,0,6,30,4,20,8,40,0,0,2,10,2,9.5,6,28.6,9,42.9,2,9.5,2,9.5,24,37.5,10,50,18,28.6,13,61.9
1718,61,0060,Homeless,Subgroups,3,12.5,4,16.7,9,37.5,5,20.8,3,12.5,4,16.7,5,20.8,5,20.8,9,37.5,1,4.2,*,*,*,*,*,*,*,*,*,*,*,*,*,*,*,*,*,*,*,*,17,70.8,*,*,15,62.5,*,*
1718,61,0089,Homeless,Subgroups,5,19.2,10,38.5,7,26.9,2,7.7,2,7.7,6,24,6,24,7,28,6,24,0,0,*,*,*,*,*,*,*,*,*,*,*,*,*,*,*,*,*,*,*,*,11,42.3,*,*,13,52,*,*
1718,61,0091,Homeless,Subgroups,10,50,6,30,2,10,1,5,1,5,4,22.2,10,55.6,2,11.1,1,5.6,1,5.6,*,*,*,*,*,*,*,*,*,*,*,*,*,*,*,*,*,*,*,*,4,20,*,*,4,22.2,*,*
1718,61,7023,Homeless,Subgroups,*,*,*,*,*,*,*,*,*,*,*,*,*,*,*,*,*,*,*,*,*,*,*,*,*,*,*,*,*,*,*,*,*,*,*,*,*,*,*,*,*,*,*,*,*,*,*,*
1718,61,0000,Hispanic,Race,169,28.4,174,29.2,142,23.8,81,13.6,30,5,180,32.4,128,23.1,165,29.7,63,11.4,19,3.4,23,15.6,36,24.5,39,26.5,26,17.7,23,15.6,51,23.2,66,30,67,30.5,19,8.6,17,7.7,253,42.4,88,59.9,247,44.5,103,46.8
1718,61,0011,Hispanic,Race,*,*,*,*,*,*,*,*,*,*,*,*,*,*,*,*,*,*,*,*,*,*,*,*,*,*,*,*,*,*,*,*,*,*,*,*,*,*,*,*,*,*,*,*,*,*,*,*
1718,61,0042,Hispanic,Race,40,28.6,40,28.6,37,26.4,18,12.9,5,3.6,52,37.1,35,25,32,22.9,16,11.4,5,3.6,*,*,*,*,*,*,*,*,*,*,22,32.4,26,38.2,15,22.1,3,4.4,2,2.9,60,42.9,*,*,53,37.9,20,29.4
1718,61,0043,Hispanic,Race,31,29.8,29,27.9,20,19.2,17,16.3,7,6.7,28,39.4,16,22.5,19,26.8,5,7,3,4.2,10,17.9,17,30.4,14,25,7,12.5,8,14.3,6,10.5,16,28.1,19,33.3,9,15.8,7,12.3,44,42.3,29,51.8,27,38,35,61.4
1718,61,0051,Hispanic,Race,57,30.6,54,29,45,24.2,26,14,4,2.2,67,36.2,42,22.7,54,29.2,17,9.2,5,2.7,9,13.2,17,25,17,25,14,20.6,11,16.2,14,25.5,13,23.6,19,34.5,5,9.1,4,7.3,75,40.3,42,61.8,76,41.1,28,50.9
1718,61,0060,Hispanic,Race,16,22.9,25,35.7,18,25.7,9,12.9,2,2.9,16,22.5,14,19.7,28,39.4,11,15.5,2,2.8,*,*,*,*,*,*,*,*,*,*,*,*,*,*,*,*,*,*,*,*,29,41.4,*,*,41,57.7,*,*
1718,61,0089,Hispanic,Race,5,15.6,8,25,10,31.3,4,12.5,5,15.6,4,12.5,7,21.9,13,40.6,7,21.9,1,3.1,*,*,*,*,*,*,*,*,*,*,*,*,*,*,*,*,*,*,*,*,19,59.4,*,*,21,65.6,*,*
1718,61,0091,Hispanic,Race,16,29.1,16,29.1,12,21.8,5,9.1,6,10.9,12,24,12,24,17,34,6,12,3,6,3,13.6,2,9.1,8,36.4,5,22.7,4,18.2,4,16.7,11,45.8,5,20.8,2,8.3,2,8.3,23,41.8,17,77.3,26,52,9,37.5
1718,61,7023,Hispanic,Race,*,*,*,*,*,*,*,*,*,*,*,*,*,*,*,*,*,*,*,*,*,*,*,*,*,*,*,*,*,*,*,*,*,*,*,*,*,*,*,*,*,*,*,*,*,*,*,*
1718,61,9003,Hispanic,Race,*,*,*,*,*,*,*,*,*,*,*,*,*,*,*,*,*,*,*,*,*,*,*,*,*,*,*,*,*,*,*,*,*,*,*,*,*,*,*,*,*,*,*,*,*,*,*,*
1718,61,0000,Foster,Subgroups,7,46.7,5,33.3,2,13.3,1,6.7,0,0,6,46.2,3,23.1,3,23.1,1,7.7,0,0,*,*,*,*,*,*,*,*,*,*,*,*,*,*,*,*,*,*,*,*,3,20,*,*,4,30.8,*,*
1718,61,0042,Foster,Subgroups,*,*,*,*,*,*,*,*,*,*,*,*,*,*,*,*,*,*,*,*,*,*,*,*,*,*,*,*,*,*,*,*,*,*,*,*,*,*,*,*,*,*,*,*,*,*,*,*
1718,61,0043,Foster,Subgroups,*,*,*,*,*,*,*,*,*,*,*,*,*,*,*,*,*,*,*,*,*,*,*,*,*,*,*,*,*,*,*,*,*,*,*,*,*,*,*,*,*,*,*,*,*,*,*,*
1718,61,0051,Foster,Subgroups,*,*,*,*,*,*,*,*,*,*,*,*,*,*,*,*,*,*,*,*,*,*,*,*,*,*,*,*,*,*,*,*,*,*,*,*,*,*,*,*,*,*,*,*,*,*,*,*
1718,61,0060,Foster,Subgroups,*,*,*,*,*,*,*,*,*,*,*,*,*,*,*,*,*,*,*,*,*,*,*,*,*,*,*,*,*,*,*,*,*,*,*,*,*,*,*,*,*,*,*,*,*,*,*,*
1718,61,0089,Foster,Subgroups,*,*,*,*,*,*,*,*,*,*,*,*,*,*,*,*,*,*,*,*,*,*,*,*,*,*,*,*,*,*,*,*,*,*,*,*,*,*,*,*,*,*,*,*,*,*,*,*
1718,61,0091,Foster,Subgroups,*,*,*,*,*,*,*,*,*,*,*,*,*,*,*,*,*,*,*,*,*,*,*,*,*,*,*,*,*,*,*,*,*,*,*,*,*,*,*,*,*,*,*,*,*,*,*,*
1718,61,9003,Foster,Subgroups,*,*,*,*,*,*,*,*,*,*,*,*,*,*,*,*,*,*,*,*,*,*,*,*,*,*,*,*,*,*,*,*,*,*,*,*,*,*,*,*,*,*,*,*,*,*,*,*
1718,61,0000,Female,Gender,321,20,416,25.9,429,26.7,326,20.3,113,7,434,29,347,23.2,436,29.2,207,13.9,70,4.7,54,14,85,22,117,30.2,72,18.6,59,15.2,112,18.4,166,27.3,187,30.7,72,11.8,72,11.8,868,54.1,248,64.1,713,47.7,331,54.4
1718,61,0011,Female,Gender,*,*,*,*,*,*,*,*,*,*,*,*,*,*,*,*,*,*,*,*,*,*,*,*,*,*,*,*,*,*,*,*,*,*,*,*,*,*,*,*,*,*,*,*,*,*,*,*
1718,61,0042,Female,Gender,83,23.2,96,26.9,90,25.2,65,18.2,23,6.4,121,33.8,91,25.4,86,24,51,14.2,9,2.5,*,*,*,*,*,*,*,*,*,*,53,28.6,61,33,46,24.9,17,9.2,8,4.3,178,49.9,*,*,146,40.8,71,38.4
1718,61,0043,Female,Gender,64,22.3,82,28.6,59,20.6,66,23,16,5.6,76,40.4,33,17.6,61,32.4,13,6.9,5,2.7,20,14.8,28,20.7,39,28.9,23,17,25,18.5,11,7.2,38,24.8,60,39.2,15,9.8,29,19,141,49.1,87,64.4,79,42,104,68
1718,61,0051,Female,Gender,85,20.5,118,28.4,118,28.4,71,17.1,23,5.5,124,30.2,117,28.5,113,27.5,42,10.2,15,3.6,23,15.1,34,22.4,42,27.6,31,20.4,22,14.5,23,19.3,28,23.5,37,31.1,16,13.4,15,12.6,212,51.1,95,62.5,170,41.4,68,57.1
1718,61,0060,Female,Gender,23,15.5,30,20.3,49,33.1,36,24.3,10,6.8,27,18.2,26,17.6,45,30.4,37,25,13,8.8,*,*,*,*,*,*,*,*,*,*,*,*,*,*,*,*,*,*,*,*,95,64.2,*,*,95,64.2,*,*
1718,61,0089,Female,Gender,20,11.7,34,19.9,54,31.6,42,24.6,21,12.3,27,15.9,30,17.6,61,35.9,37,21.8,15,8.8,*,*,*,*,*,*,*,*,*,*,10,19.6,13,25.5,16,31.4,6,11.8,6,11.8,117,68.4,*,*,113,66.5,28,54.9
1718,61,0091,Female,Gender,45,21.8,49,23.8,52,25.2,40,19.4,20,9.7,55,27.6,41,20.6,65,32.7,25,12.6,13,6.5,10,10.6,22,23.4,34,36.2,16,17,12,12.8,11,12.6,25,28.7,21,24.1,17,19.5,13,14.9,112,54.4,62,66,103,51.8,51,58.6
1718,61,7023,Female,Gender,2,18.2,5,45.5,1,9.1,3,27.3,0,0,4,36.4,4,36.4,2,18.2,1,9.1,0,0,*,*,*,*,*,*,*,*,*,*,*,*,*,*,*,*,*,*,*,*,4,36.4,*,*,3,27.3,*,*
1718,61,9003,Female,Gender,*,*,*,*,*,*,*,*,*,*,*,*,*,*,*,*,*,*,*,*,*,*,*,*,*,*,*,*,*,*,*,*,*,*,*,*,*,*,*,*,*,*,*,*,*,*,*,*
1718,61,0000,English Language Learners,Subgroups,83,38.6,67,31.2,41,19.1,18,8.4,6,2.8,87,42,47,22.7,50,24.2,20,9.7,3,1.4,16,37.2,16,37.2,7,16.3,2,4.7,2,4.7,32,42.7,26,34.7,12,16,4,5.3,1,1.3,65,30.2,11,25.6,73,35.3,17,22.7
1718,61,0011,English Language Learners,Subgroups,*,*,*,*,*,*,*,*,*,*,*,*,*,*,*,*,*,*,*,*,*,*,*,*,*,*,*,*,*,*,*,*,*,*,*,*,*,*,*,*,*,*,*,*,*,*,*,*
1718,61,0042,English Language Learners,Subgroups,21,32.3,22,33.8,15,23.1,6,9.2,1,1.5,27,41.5,18,27.7,13,20,6,9.2,1,1.5,*,*,*,*,*,*,*,*,*,*,15,45.5,12,36.4,3,9.1,2,6.1,1,3,22,33.8,*,*,20,30.8,6,18.2
1718,61,0043,English Language Learners,Subgroups,14,60.9,6,26.1,1,4.3,2,8.7,0,0,9,50,5,27.8,4,22.2,0,0,0,0,8,50,8,50,0,0,0,0,0,0,3,30,4,40,1,10,2,20,0,0,3,13,0,0,4,22.2,3,30
1718,61,0051,English Language Learners,Subgroups,26,44.1,20,33.9,10,16.9,2,3.4,1,1.7,31,52.5,13,22,12,20.3,2,3.4,1,1.7,6,27.3,7,31.8,5,22.7,2,9.1,2,9.1,10,45.5,6,27.3,6,27.3,0,0,0,0,13,22,9,40.9,15,25.4,6,27.3
1718,61,0060,English Language Learners,Subgroups,10,28.6,11,31.4,8,22.9,4,11.4,2,5.7,11,31.4,4,11.4,12,34.3,7,20,1,2.9,*,*,*,*,*,*,*,*,*,*,*,*,*,*,*,*,*,*,*,*,14,40,*,*,20,57.1,*,*
1718,61,0089,English Language Learners,Subgroups,4,22.2,5,27.8,4,22.2,4,22.2,1,5.6,4,22.2,4,22.2,6,33.3,4,22.2,0,0,*,*,*,*,*,*,*,*,*,*,*,*,*,*,*,*,*,*,*,*,9,50,*,*,10,55.6,*,*
1718,61,0091,English Language Learners,Subgroups,7,50,3,21.4,3,21.4,0,0,1,7.1,5,41.7,3,25,3,25,1,8.3,0,0,*,*,*,*,*,*,*,*,*,*,*,*,*,*,*,*,*,*,*,*,4,28.6,*,*,4,33.3,*,*
1718,61,0000,Economically Disadvantaged,Subgroups,755,28.1,745,27.7,666,24.8,391,14.5,131,4.9,858,34.1,572,22.8,675,26.9,308,12.3,100,4,94,15.9,137,23.1,175,29.6,110,18.6,76,12.8,212,21.6,291,29.6,273,27.8,119,12.1,88,9,1188,44.2,361,61,1083,43.1,480,48.8
1718,61,0011,Economically Disadvantaged,Subgroups,*,*,*,*,*,*,*,*,*,*,*,*,*,*,*,*,*,*,*,*,*,*,*,*,*,*,*,*,*,*,*,*,*,*,*,*,*,*,*,*,*,*,*,*,*,*,*,*
1718,61,0042,Economically Disadvantaged,Subgroups,169,29.1,169,29.1,140,24.1,75,12.9,28,4.8,228,39.2,137,23.5,128,22,73,12.5,16,2.7,*,*,*,*,*,*,*,*,*,*,100,33.1,98,32.5,68,22.5,28,9.3,8,2.6,243,41.8,*,*,217,37.3,104,34.4
1718,61,0043,Economically Disadvantaged,Subgroups,135,30.5,121,27.4,95,21.5,70,15.8,21,4.8,140,45.6,60,19.5,86,28,14,4.6,7,2.3,31,14.9,45,21.6,63,30.3,43,20.7,26,12.5,22,10,60,27.3,75,34.1,28,12.7,35,15.9,186,42.1,132,63.5,107,34.9,138,62.7
1718,61,0051,Economically Disadvantaged,Subgroups,232,30.5,216,28.4,177,23.3,105,13.8,31,4.1,270,35.9,193,25.6,197,26.2,70,9.3,23,3.1,45,16.9,62,23.3,70,26.3,51,19.2,38,14.3,43,18.7,65,28.3,66,28.7,28,12.2,28,12.2,313,41.1,159,59.8,290,38.5,122,53
1718,61,0060,Economically Disadvantaged,Subgroups,53,18.7,79,27.9,87,30.7,50,17.7,14,4.9,57,20.1,53,18.7,86,30.4,66,23.3,21,7.4,*,*,*,*,*,*,*,*,*,*,*,*,*,*,*,*,*,*,*,*,151,53.4,*,*,173,61.1,*,*
1718,61,0089,Economically Disadvantaged,Subgroups,52,19.5,72,27,80,30,44,16.5,19,7.1,61,23,53,20,87,32.8,44,16.6,20,7.5,*,*,*,*,*,*,*,*,*,*,19,22.9,22,26.5,26,31.3,11,13.3,5,6,143,53.6,*,*,151,57,42,50.6
1718,61,0091,Economically Disadvantaged,Subgroups,104,31.9,82,25.2,78,23.9,44,13.5,18,5.5,94,31.3,68,22.7,86,28.7,39,13,13,4.3,15,13.5,30,27,40,36,14,12.6,12,10.8,24,17.5,45,32.8,33,24.1,23,16.8,12,8.8,140,42.9,66,59.5,138,46,68,49.6
1718,61,7023,Economically Disadvantaged,Subgroups,*,*,*,*,*,*,*,*,*,*,*,*,*,*,*,*,*,*,*,*,*,*,*,*,*,*,*,*,*,*,*,*,*,*,*,*,*,*,*,*,*,*,*,*,*,*,*,*
1718,61,9003,Economically Disadvantaged,Subgroups,*,*,*,*,*,*,*,*,*,*,*,*,*,*,*,*,*,*,*,*,*,*,*,*,*,*,*,*,*,*,*,*,*,*,*,*,*,*,*,*,*,*,*,*,*,*,*,*
1718,61,0000,Black/African American,Race,212,41.2,160,31.1,93,18.1,41,8,9,1.7,244,50.2,115,23.7,96,19.8,27,5.6,4,0.8,35,30.7,29,25.4,32,28.1,14,12.3,4,3.5,64,33.5,70,36.6,43,22.5,7,3.7,7,3.7,143,27.8,50,43.9,127,26.1,57,29.8
1718,61,0042,Black/African American,Race,55,39.9,44,31.9,25,18.1,9,6.5,5,3.6,78,56.5,26,18.8,25,18.1,8,5.8,1,0.7,*,*,*,*,*,*,*,*,*,*,30,46.9,17,26.6,11,17.2,5,7.8,1,1.6,39,28.3,*,*,34,24.6,17,26.6
1718,61,0043,Black/African American,Race,54,45.8,36,30.5,17,14.4,10,8.5,1,0.8,49,52.7,19,20.4,24,25.8,1,1.1,0,0,18,32.7,11,20,18,32.7,7,12.7,1,1.8,10,15.6,25,39.1,24,37.5,1,1.6,4,6.3,28,23.7,26,47.3,25,26.9,29,45.3
1718,61,0051,Black/African American,Race,75,43.6,51,29.7,32,18.6,12,7,2,1.2,84,49.1,54,31.6,24,14,8,4.7,1,0.6,18,32.1,17,30.4,12,21.4,7,12.5,2,3.6,15,30.6,24,49,7,14.3,1,2,2,4.1,46,26.7,21,37.5,33,19.3,10,20.4
1718,61,0060,Black/African American,Race,16,25.8,22,35.5,14,22.6,9,14.5,1,1.6,21,33.9,12,19.4,18,29,10,16.1,1,1.6,*,*,*,*,*,*,*,*,*,*,*,*,*,*,*,*,*,*,*,*,24,38.7,*,*,29,46.8,*,*
1718,61,0089,Black/African American,Race,*,*,*,*,*,*,*,*,*,*,*,*,*,*,*,*,*,*,*,*,*,*,*,*,*,*,*,*,*,*,*,*,*,*,*,*,*,*,*,*,*,*,*,*,*,*,*,*
1718,61,0091,Black/African American,Race,7,53.8,2,15.4,3,23.1,1,7.7,0,0,7,63.6,1,9.1,2,18.2,0,0,1,9.1,*,*,*,*,*,*,*,*,*,*,6,60,3,30,1,10,0,0,0,0,4,30.8,*,*,3,27.3,1,10
1718,61,7023,Black/African American,Race,*,*,*,*,*,*,*,*,*,*,*,*,*,*,*,*,*,*,*,*,*,*,*,*,*,*,*,*,*,*,*,*,*,*,*,*,*,*,*,*,*,*,*,*,*,*,*,*
1718,61,9003,Black/African American,Race,*,*,*,*,*,*,*,*,*,*,*,*,*,*,*,*,*,*,*,*,*,*,*,*,*,*,*,*,*,*,*,*,*,*,*,*,*,*,*,*,*,*,*,*,*,*,*,*
1718,61,0000,Asian,Race,3,20,3,20,6,40,1,6.7,2,13.3,1,8.3,3,25,5,41.7,1,8.3,2,16.7,*,*,*,*,*,*,*,*,*,*,*,*,*,*,*,*,*,*,*,*,9,60,*,*,8,66.7,*,*
1718,61,0011,Asian,Race,*,*,*,*,*,*,*,*,*,*,*,*,*,*,*,*,*,*,*,*,*,*,*,*,*,*,*,*,*,*,*,*,*,*,*,*,*,*,*,*,*,*,*,*,*,*,*,*
1718,61,0042,Asian,Race,*,*,*,*,*,*,*,*,*,*,*,*,*,*,*,*,*,*,*,*,*,*,*,*,*,*,*,*,*,*,*,*,*,*,*,*,*,*,*,*,*,*,*,*,*,*,*,*
1718,61,0043,Asian,Race,*,*,*,*,*,*,*,*,*,*,*,*,*,*,*,*,*,*,*,*,*,*,*,*,*,*,*,*,*,*,*,*,*,*,*,*,*,*,*,*,*,*,*,*,*,*,*,*
1718,61,0051,Asian,Race,*,*,*,*,*,*,*,*,*,*,*,*,*,*,*,*,*,*,*,*,*,*,*,*,*,*,*,*,*,*,*,*,*,*,*,*,*,*,*,*,*,*,*,*,*,*,*,*
1718,61,0060,Asian,Race,*,*,*,*,*,*,*,*,*,*,*,*,*,*,*,*,*,*,*,*,*,*,*,*,*,*,*,*,*,*,*,*,*,*,*,*,*,*,*,*,*,*,*,*,*,*,*,*
1718,61,0000,American Indian/Alaskan Native,Race,*,*,*,*,*,*,*,*,*,*,*,*,*,*,*,*,*,*,*,*,*,*,*,*,*,*,*,*,*,*,*,*,*,*,*,*,*,*,*,*,*,*,*,*,*,*,*,*
1718,61,0042,American Indian/Alaskan Native,Race,*,*,*,*,*,*,*,*,*,*,*,*,*,*,*,*,*,*,*,*,*,*,*,*,*,*,*,*,*,*,*,*,*,*,*,*,*,*,*,*,*,*,*,*,*,*,*,*
1718,61,0043,American Indian/Alaskan Native,Race,*,*,*,*,*,*,*,*,*,*,*,*,*,*,*,*,*,*,*,*,*,*,*,*,*,*,*,*,*,*,*,*,*,*,*,*,*,*,*,*,*,*,*,*,*,*,*,*
1718,61,0051,American Indian/Alaskan Native,Race,*,*,*,*,*,*,*,*,*,*,*,*,*,*,*,*,*,*,*,*,*,*,*,*,*,*,*,*,*,*,*,*,*,*,*,*,*,*,*,*,*,*,*,*,*,*,*,*
1718,61,0060,American Indian/Alaskan Native,Race,*,*,*,*,*,*,*,*,*,*,*,*,*,*,*,*,*,*,*,*,*,*,*,*,*,*,*,*,*,*,*,*,*,*,*,*,*,*,*,*,*,*,*,*,*,*,*,*
1718,61,0091,American Indian/Alaskan Native,Race,*,*,*,*,*,*,*,*,*,*,*,*,*,*,*,*,*,*,*,*,*,*,*,*,*,*,*,*,*,*,*,*,*,*,*,*,*,*,*,*,*,*,*,*,*,*,*,*
1718,61,0011,American Indian/Alaskan Native,Race,*,*,*,*,*,*,*,*,*,*,*,*,*,*,*,*,*,*,*,*,*,*,*,*,*,*,*,*,*,*,*,*,*,*,*,*,*,*,*,*,*,*,*,*,*,*,*,*
1718,61,0089,American Indian/Alaskan Native,Race,*,*,*,*,*,*,*,*,*,*,*,*,*,*,*,*,*,*,*,*,*,*,*,*,*,*,*,*,*,*,*,*,*,*,*,*,*,*,*,*,*,*,*,*,*,*,*,*
1718,61,7023,American Indian/Alaskan Native,Race,*,*,*,*,*,*,*,*,*,*,*,*,*,*,*,*,*,*,*,*,*,*,*,*,*,*,*,*,*,*,*,*,*,*,*,*,*,*,*,*,*,*,*,*,*,*,*,*
1718,61,9003,American Indian/Alaskan Native,Race,*,*,*,*,*,*,*,*,*,*,*,*,*,*,*,*,*,*,*,*,*,*,*,*,*,*,*,*,*,*,*,*,*,*,*,*,*,*,*,*,*,*,*,*,*,*,*,*
1718,61,0089,Asian,Race,*,*,*,*,*,*,*,*,*,*,*,*,*,*,*,*,*,*,*,*,*,*,*,*,*,*,*,*,*,*,*,*,*,*,*,*,*,*,*,*,*,*,*,*,*,*,*,*
1718,61,0091,Asian,Race,*,*,*,*,*,*,*,*,*,*,*,*,*,*,*,*,*,*,*,*,*,*,*,*,*,*,*,*,*,*,*,*,*,*,*,*,*,*,*,*,*,*,*,*,*,*,*,*
1718,61,7023,Asian,Race,*,*,*,*,*,*,*,*,*,*,*,*,*,*,*,*,*,*,*,*,*,*,*,*,*,*,*,*,*,*,*,*,*,*,*,*,*,*,*,*,*,*,*,*,*,*,*,*
1718,61,9003,Asian,Race,*,*,*,*,*,*,*,*,*,*,*,*,*,*,*,*,*,*,*,*,*,*,*,*,*,*,*,*,*,*,*,*,*,*,*,*,*,*,*,*,*,*,*,*,*,*,*,*
1718,61,0011,Black/African American,Race,*,*,*,*,*,*,*,*,*,*,*,*,*,*,*,*,*,*,*,*,*,*,*,*,*,*,*,*,*,*,*,*,*,*,*,*,*,*,*,*,*,*,*,*,*,*,*,*
1718,61,7023,English Language Learners,Subgroups,*,*,*,*,*,*,*,*,*,*,*,*,*,*,*,*,*,*,*,*,*,*,*,*,*,*,*,*,*,*,*,*,*,*,*,*,*,*,*,*,*,*,*,*,*,*,*,*
1718,61,9003,English Language Learners,Subgroups,*,*,*,*,*,*,*,*,*,*,*,*,*,*,*,*,*,*,*,*,*,*,*,*,*,*,*,*,*,*,*,*,*,*,*,*,*,*,*,*,*,*,*,*,*,*,*,*
1718,61,0011,Foster,Subgroups,*,*,*,*,*,*,*,*,*,*,*,*,*,*,*,*,*,*,*,*,*,*,*,*,*,*,*,*,*,*,*,*,*,*,*,*,*,*,*,*,*,*,*,*,*,*,*,*
1718,61,7023,Foster,Subgroups,*,*,*,*,*,*,*,*,*,*,*,*,*,*,*,*,*,*,*,*,*,*,*,*,*,*,*,*,*,*,*,*,*,*,*,*,*,*,*,*,*,*,*,*,*,*,*,*
1718,61,9003,Homeless,Subgroups,*,*,*,*,*,*,*,*,*,*,*,*,*,*,*,*,*,*,*,*,*,*,*,*,*,*,*,*,*,*,*,*,*,*,*,*,*,*,*,*,*,*,*,*,*,*,*,*
1718,61,7023,Migrant,Subgroups,*,*,*,*,*,*,*,*,*,*,*,*,*,*,*,*,*,*,*,*,*,*,*,*,*,*,*,*,*,*,*,*,*,*,*,*,*,*,*,*,*,*,*,*,*,*,*,*
1718,61,9003,Migrant,Subgroups,*,*,*,*,*,*,*,*,*,*,*,*,*,*,*,*,*,*,*,*,*,*,*,*,*,*,*,*,*,*,*,*,*,*,*,*,*,*,*,*,*,*,*,*,*,*,*,*
1718,61,0011,Military Family Student,Subgroups,*,*,*,*,*,*,*,*,*,*,*,*,*,*,*,*,*,*,*,*,*,*,*,*,*,*,*,*,*,*,*,*,*,*,*,*,*,*,*,*,*,*,*,*,*,*,*,*
1718,61,0060,Military Family Student,Subgroups,*,*,*,*,*,*,*,*,*,*,*,*,*,*,*,*,*,*,*,*,*,*,*,*,*,*,*,*,*,*,*,*,*,*,*,*,*,*,*,*,*,*,*,*,*,*,*,*
1718,61,0089,Military Family Student,Subgroups,*,*,*,*,*,*,*,*,*,*,*,*,*,*,*,*,*,*,*,*,*,*,*,*,*,*,*,*,*,*,*,*,*,*,*,*,*,*,*,*,*,*,*,*,*,*,*,*
1718,61,0091,Military Family Student,Subgroups,*,*,*,*,*,*,*,*,*,*,*,*,*,*,*,*,*,*,*,*,*,*,*,*,*,*,*,*,*,*,*,*,*,*,*,*,*,*,*,*,*,*,*,*,*,*,*,*
1718,61,7023,Military Family Student,Subgroups,*,*,*,*,*,*,*,*,*,*,*,*,*,*,*,*,*,*,*,*,*,*,*,*,*,*,*,*,*,*,*,*,*,*,*,*,*,*,*,*,*,*,*,*,*,*,*,*
1718,61,9003,Military Family Student,Subgroups,*,*,*,*,*,*,*,*,*,*,*,*,*,*,*,*,*,*,*,*,*,*,*,*,*,*,*,*,*,*,*,*,*,*,*,*,*,*,*,*,*,*,*,*,*,*,*,*
1718,61,0011,Multiracial,Race,*,*,*,*,*,*,*,*,*,*,*,*,*,*,*,*,*,*,*,*,*,*,*,*,*,*,*,*,*,*,*,*,*,*,*,*,*,*,*,*,*,*,*,*,*,*,*,*
1718,61,9003,Multiracial,Race,*,*,*,*,*,*,*,*,*,*,*,*,*,*,*,*,*,*,*,*,*,*,*,*,*,*,*,*,*,*,*,*,*,*,*,*,*,*,*,*,*,*,*,*,*,*,*,*
1718,61,0000,Native Hawaiian/Other Pacific Islander,Race,*,*,*,*,*,*,*,*,*,*,*,*,*,*,*,*,*,*,*,*,*,*,*,*,*,*,*,*,*,*,*,*,*,*,*,*,*,*,*,*,*,*,*,*,*,*,*,*
1718,61,0011,Native Hawaiian/Other Pacific Islander,Race,*,*,*,*,*,*,*,*,*,*,*,*,*,*,*,*,*,*,*,*,*,*,*,*,*,*,*,*,*,*,*,*,*,*,*,*,*,*,*,*,*,*,*,*,*,*,*,*
1718,61,0042,Native Hawaiian/Other Pacific Islander,Race,*,*,*,*,*,*,*,*,*,*,*,*,*,*,*,*,*,*,*,*,*,*,*,*,*,*,*,*,*,*,*,*,*,*,*,*,*,*,*,*,*,*,*,*,*,*,*,*
1718,61,0043,Native Hawaiian/Other Pacific Islander,Race,*,*,*,*,*,*,*,*,*,*,*,*,*,*,*,*,*,*,*,*,*,*,*,*,*,*,*,*,*,*,*,*,*,*,*,*,*,*,*,*,*,*,*,*,*,*,*,*
1718,61,0051,Native Hawaiian/Other Pacific Islander,Race,*,*,*,*,*,*,*,*,*,*,*,*,*,*,*,*,*,*,*,*,*,*,*,*,*,*,*,*,*,*,*,*,*,*,*,*,*,*,*,*,*,*,*,*,*,*,*,*
1718,61,0060,Native Hawaiian/Other Pacific Islander,Race,*,*,*,*,*,*,*,*,*,*,*,*,*,*,*,*,*,*,*,*,*,*,*,*,*,*,*,*,*,*,*,*,*,*,*,*,*,*,*,*,*,*,*,*,*,*,*,*
1718,61,0089,Native Hawaiian/Other Pacific Islander,Race,*,*,*,*,*,*,*,*,*,*,*,*,*,*,*,*,*,*,*,*,*,*,*,*,*,*,*,*,*,*,*,*,*,*,*,*,*,*,*,*,*,*,*,*,*,*,*,*
1718,61,0091,Native Hawaiian/Other Pacific Islander,Race,*,*,*,*,*,*,*,*,*,*,*,*,*,*,*,*,*,*,*,*,*,*,*,*,*,*,*,*,*,*,*,*,*,*,*,*,*,*,*,*,*,*,*,*,*,*,*,*
1718,61,7023,Native Hawaiian/Other Pacific Islander,Race,*,*,*,*,*,*,*,*,*,*,*,*,*,*,*,*,*,*,*,*,*,*,*,*,*,*,*,*,*,*,*,*,*,*,*,*,*,*,*,*,*,*,*,*,*,*,*,*
1718,61,9003,Native Hawaiian/Other Pacific Islander,Race,*,*,*,*,*,*,*,*,*,*,*,*,*,*,*,*,*,*,*,*,*,*,*,*,*,*,*,*,*,*,*,*,*,*,*,*,*,*,*,*,*,*,*,*,*,*,*,*
1718,61,0011,White,Race,*,*,*,*,*,*,*,*,*,*,*,*,*,*,*,*,*,*,*,*,*,*,*,*,*,*,*,*,*,*,*,*,*,*,*,*,*,*,*,*,*,*,*,*,*,*,*,*
1819,00,0000,White,Race,80138,13,122131,19.8,163434,26.6,165295,26.9,84310,13.7,83246,14.7,86662,15.3,161779,28.6,135599,24,97549,17.3,10682,7.3,17234,11.8,35232,24.2,35219,24.2,47401,32.5,22129,9.6,47344,20.6,72019,31.3,39996,17.4,48446,21.1,413039,67.1,117852,80.8,394927,69.9,160461,69.8
1819,00,0000,Total Students,Total,322309,19.9,373357,23.1,408080,25.2,351694,21.7,163033,10.1,337907,22.4,271035,18,410674,27.3,295787,19.6,190802,12.7,44802,11.8,60321,15.9,98205,25.9,81687,21.6,93507,24.7,99208,16.7,151279,25.5,173615,29.2,81608,13.7,88221,14.9,922807,57,273399,72.2,897263,59.6,343444,57.8
1819,00,0000,Students with Disabilities,Subgroups,112532,47.9,60589,25.8,39115,16.7,18829,8,3652,1.6,106787,46.9,47205,20.7,44310,19.5,22555,9.9,6826,3,14541,30.2,12547,26.1,11735,24.4,6005,12.5,3266,6.8,33182,40.7,25005,30.7,15302,18.8,5497,6.7,2574,3.2,61596,26.2,21006,43.7,73691,32.4,23373,28.7
1819,00,0000,Native Hawaiian/Other Pacific Islander,Race,518,18.1,628,22,741,25.9,687,24,285,10,513,19.3,460,17.3,744,27.9,575,21.6,371,13.9,64,10,112,17.6,147,23.1,151,23.7,163,25.6,147,14.2,269,26,314,30.3,149,14.4,156,15.1,1713,59.9,461,72.4,1690,63.5,619,59.8
1819,00,0000,Multiracial,Race,9573,16.5,12927,22.2,15205,26.1,13803,23.7,6666,11.5,10614,19.7,9780,18.1,15048,27.9,11022,20.4,7517,13.9,1189,9.5,1760,14.1,3314,26.5,2853,22.8,3398,27.2,2807,13.6,4953,24,6255,30.3,3153,15.2,3508,17,35674,61.3,9565,76.4,33587,62.2,12916,62.5
1819,00,0000,Military Family Student,Subgroups,2660,11.1,4715,19.8,6618,27.7,6713,28.1,3165,13.3,2702,12.1,3308,14.8,6554,29.4,5785,26,3931,17.6,327,5.9,562,10.1,1332,24,1468,26.4,1864,33.6,722,8.5,1637,19.2,2704,31.7,1593,18.7,1883,22.1,16496,69.1,4664,84,16270,73,6180,72.4
1819,00,0000,Migrant,Subgroups,2909,34.9,2636,31.6,1834,22,790,9.5,160,1.9,2493,31,1850,23,2157,26.8,1147,14.3,393,4.9,392,21.4,441,24,531,29,306,16.7,164,8.9,828,28.8,1021,35.5,710,24.7,202,7,118,4.1,2784,33.4,1001,54.6,3697,46,1030,35.8
1819,00,0000,Male,Gender,198552,24.1,195220,23.7,200663,24.3,162682,19.7,67839,8.2,182102,23.7,133116,17.3,202574,26.3,150205,19.5,101137,13.1,24519,12.8,28975,15.1,46511,24.3,40627,21.2,50820,26.5,55533,18.4,73800,24.4,83900,27.8,41562,13.8,47304,15.7,431184,52.3,137958,72.1,453916,59,172766,57.2
1819,00,0000,Homeless,Subgroups,10163,34.2,8179,27.5,6632,22.3,3709,12.5,1039,3.5,10591,37.4,6160,21.7,6893,24.3,3527,12.4,1184,4.2,1242,20.9,1343,22.6,1657,27.9,996,16.8,694,11.7,2984,30.1,3010,30.4,2494,25.2,844,8.5,584,5.9,11380,38.3,3347,56.4,11604,40.9,3922,39.6
1819,00,0000,Hispanic,Race,114848,21.2,131362,24.3,138381,25.6,110574,20.4,46100,8.5,119864,23.5,96986,19.1,141387,27.8,96163,18.9,54590,10.7,16600,13.2,21483,17.1,33713,26.8,26353,21,27444,21.9,36598,18.6,54645,27.7,58081,29.5,24724,12.5,23037,11.7,295055,54.5,87510,69.7,292140,57.4,105842,53.7
1819,00,0000,Female,Gender,123757,15.6,178137,22.4,207417,26.1,189012,23.8,95194,12,155805,21.1,137919,18.7,208100,28.2,145582,19.8,89665,12.2,20283,10.8,31346,16.8,51694,27.6,41060,21.9,42687,22.8,43675,15,77479,26.5,89715,30.7,40046,13.7,40917,14,491623,62,135441,72.4,443347,60.1,170678,58.5
1819,00,0000,English Language Learners,Subgroups,78412,33.1,65846,27.8,53771,22.7,30130,12.7,8457,3.6,71749,31,48160,20.8,57717,24.9,36522,15.8,17594,7.6,10328,25.4,10049,24.7,10848,26.6,5710,14,3783,9.3,24593,30.6,25659,31.9,18952,23.6,6509,8.1,4650,5.8,92358,39,20341,50,111833,48.3,30111,37.5
1819,00,0000,Economically Disadvantaged,Subgroups,249657,26.4,253728,26.8,233794,24.7,157421,16.7,50835,5.4,258127,28.8,187237,20.9,243117,27.2,142663,15.9,63928,7.1,33830,16.1,41947,20,59432,28.3,40971,19.5,33835,16.1,76733,22.7,101716,30.1,94627,28,36248,10.7,28230,8.4,442050,46.8,134238,63.9,449708,50.2,159105,47.1
1819,00,0000,Black/African American,Race,113086,32.3,99319,28.3,78990,22.5,46081,13.1,13017,3.7,120075,36.2,73097,22,82377,24.8,41199,12.4,14994,4.5,15660,19.2,18676,22.8,23381,28.6,14282,17.5,9764,11.9,36348,28.8,41333,32.7,31966,25.3,10075,8,6624,5.2,138088,39.4,47427,58,138570,41.8,48665,38.5
1819,00,0000,Asian,Race,3194,7,5876,12.8,10195,22.2,14383,31.3,12292,26.8,2613,6.6,3269,8.2,8196,20.5,10485,26.3,15324,38.4,476,4.3,871,7.8,2102,18.9,2574,23.1,5110,45.9,899,5.2,2297,13.3,4492,26.1,3307,19.2,6248,36.2,36870,80.3,9786,87.9,34005,85.3,14047,81.5
1819,00,0000,American Indian/Alaskan Native,Race,952,21.5,1114,25.1,1134,25.6,871,19.6,363,8.2,982,23.9,781,19,1143,27.8,744,18.1,457,11.1,131,11.8,185,16.6,316,28.4,255,22.9,227,20.4,280,17.4,438,27.2,488,30.3,204,12.7,202,12.5,2368,53.4,798,71.6,2344,57.1,894,55.5
1819,00,0000,Foster,Subgroups,*,*,*,*,*,*,*,*,*,*,*,*,*,*,*,*,*,*,*,*,*,*,*,*,*,*,*,*,*,*,*,*,*,*,*,*,*,*,*,*,*,*,*,*,*,*,*,*
1819,61,0000,White,Race,416,20,497,23.9,519,24.9,468,22.5,181,8.7,449,22.3,420,20.8,606,30.1,361,17.9,179,8.9,45,10.1,70,15.8,130,29.3,103,23.2,96,21.6,100,13.4,181,24.2,234,31.3,110,14.7,122,16.3,1168,56.1,329,74.1,1146,56.9,466,62.4
1819,61,0042,White,Race,68,19.6,79,22.8,95,27.4,81,23.3,24,6.9,96,27.7,62,17.9,89,25.7,65,18.8,34,9.8,*,*,*,*,*,*,*,*,*,*,35,20.3,41,23.8,57,33.1,24,14,15,8.7,200,57.6,*,*,188,54.3,96,55.8
1819,61,0043,White,Race,74,20.9,80,22.6,81,22.9,87,24.6,32,9,80,24.1,72,21.7,117,35.2,39,11.7,24,7.2,14,10.3,23,16.9,36,26.5,34,25,29,21.3,13,8.1,37,23,52,32.3,18,11.2,41,25.5,200,56.5,99,72.8,180,54.2,111,68.9
1819,61,0051,White,Race,122,22.6,135,25,136,25.1,109,20.1,39,7.2,121,22.4,126,23.3,169,31.3,90,16.7,34,6.3,13,7.3,22,12.4,55,30.9,48,27,40,22.5,17,10.1,44,26,47,27.8,35,20.7,26,15.4,284,52.5,143,80.3,293,54.3,108,63.9
1819,61,0060,White,Race,25,14.1,41,23.2,49,27.7,45,25.4,17,9.6,25,14.2,29,16.5,54,30.7,41,23.3,27,15.3,*,*,*,*,*,*,*,*,*,*,*,*,*,*,*,*,*,*,*,*,111,62.7,*,*,122,69.3,*,*
1819,61,0089,White,Race,36,14.3,65,25.8,64,25.4,60,23.8,27,10.7,46,18.3,46,18.3,78,31,58,23,24,9.5,*,*,*,*,*,*,*,*,*,*,19,21.3,20,22.5,23,25.8,14,15.7,13,14.6,151,59.9,*,*,160,63.5,50,56.2
1819,61,0091,White,Race,84,21.3,99,25.1,92,23.3,83,21,37,9.4,74,20.7,85,23.8,97,27.2,65,18.2,36,10.1,19,14.4,26,19.7,40,30.3,21,15.9,26,19.7,16,10.4,35,22.7,57,37,19,12.3,27,17.5,212,53.7,87,65.9,198,55.5,103,66.9
1819,61,7023,White,Race,7,41.2,0,0,2,11.8,4,23.5,4,23.5,8,53.3,1,6.7,2,13.3,4,26.7,0,0,*,*,*,*,*,*,*,*,*,*,*,*,*,*,*,*,*,*,*,*,10,58.8,*,*,6,40,*,*
1819,61,9003,White,Race,6,50,4,33.3,1,8.3,1,8.3,0,0,7,63.6,3,27.3,1,9.1,0,0,0,0,4,36.4,4,36.4,1,9.1,1,9.1,1,9.1,*,*,*,*,*,*,*,*,*,*,2,16.7,3,27.3,1,9.1,*,*
1819,61,0000,Total Students,Total,824,24.8,851,25.6,821,24.7,610,18.3,221,6.6,922,28.2,725,22.2,918,28.1,486,14.9,213,6.5,94,13,143,19.8,209,28.9,151,20.9,126,17.4,222,18.7,325,27.4,340,28.7,150,12.6,149,12.6,1652,49.7,486,67.2,1617,49.5,639,53.9
1819,61,0011,Total Students,Total,*,*,*,*,*,*,*,*,*,*,*,*,*,*,*,*,*,*,*,*,*,*,*,*,*,*,*,*,*,*,*,*,*,*,*,*,*,*,*,*,*,*,*,*,*,*,*,*
1819,61,0042,Total Students,Total,165,25,186,28.2,173,26.2,106,16.1,30,4.5,228,34.8,136,20.7,162,24.7,92,14,38,5.8,*,*,*,*,*,*,*,*,*,*,93,28.2,96,29.1,88,26.7,33,10,20,6.1,309,46.8,*,*,292,44.5,141,42.7
1819,61,0043,Total Students,Total,153,26.9,133,23.4,128,22.5,113,19.9,41,7.2,181,32.4,123,22,172,30.8,50,9,32,5.7,41,16.5,51,20.5,61,24.5,54,21.7,42,16.9,32,12.1,67,25.3,82,30.9,29,10.9,55,20.8,282,49.6,157,63.1,254,45.5,166,62.6
1819,61,0051,Total Students,Total,272,28.6,247,25.9,234,24.6,144,15.1,55,5.8,275,29,244,25.7,257,27.1,127,13.4,45,4.7,32,10.1,59,18.6,101,31.8,69,21.7,57,17.9,51,17.2,85,28.6,79,26.6,50,16.8,32,10.8,433,45.5,227,71.4,429,45.3,161,54.2
1819,61,0060,Total Students,Total,74,21.6,86,25.1,88,25.7,74,21.6,21,6.1,74,21.7,61,17.9,103,30.2,71,20.8,32,9.4,*,*,*,*,*,*,*,*,*,*,*,*,*,*,*,*,*,*,*,*,183,53.4,*,*,206,60.4,*,*
1819,61,0089,Total Students,Total,45,14.6,81,26.2,82,26.5,73,23.6,28,9.1,59,19.1,62,20.1,95,30.7,66,21.4,27,8.7,*,*,*,*,*,*,*,*,*,*,26,23.6,27,24.5,28,25.5,15,13.6,14,12.7,183,59.2,*,*,188,60.8,57,51.8
1819,61,0091,Total Students,Total,105,22.2,119,25.2,113,23.9,94,19.9,41,8.7,94,21.7,99,22.9,126,29.1,75,17.3,39,9,21,13.5,35,22.6,47,30.3,26,16.8,26,16.8,20,11,45,24.9,65,35.9,23,12.7,28,15.5,248,52.5,99,63.9,240,55.4,116,64.1
1819,61,7023,Total Students,Total,8,36.4,1,4.5,3,13.6,6,27.3,4,18.2,10,50,1,5,4,20,5,25,0,0,*,*,*,*,*,*,*,*,*,*,*,*,*,*,*,*,*,*,*,*,13,59.1,*,*,9,45,*,*
1819,61,9003,Total Students,Total,8,57.1,4,28.6,1,7.1,1,7.1,0,0,8,66.7,3,25,1,8.3,0,0,0,0,5,38.5,5,38.5,1,7.7,1,7.7,1,7.7,*,*,*,*,*,*,*,*,*,*,2,14.3,3,23.1,1,8.3,*,*
1819,61,0000,Students with Disabilities,Subgroups,263,54.8,108,22.5,78,16.3,30,6.3,1,0.2,271,55.6,94,19.3,86,17.7,31,6.4,5,1,29,27.9,34,32.7,24,23.1,12,11.5,5,4.8,71,42.5,55,32.9,28,16.8,10,6,3,1.8,109,22.7,41,39.4,122,25.1,41,24.6
1819,61,0042,Students with Disabilities,Subgroups,52,55.9,25,26.9,12,12.9,4,4.3,0,0,62,66.7,13,14,13,14,5,5.4,0,0,*,*,*,*,*,*,*,*,*,*,19,47.5,12,30,7,17.5,2,5,0,0,16,17.2,*,*,18,19.4,9,22.5
1819,61,0043,Students with Disabilities,Subgroups,36,62.1,12,20.7,8,13.8,2,3.4,0,0,39,63.9,13,21.3,7,11.5,1,1.6,1,1.6,14,50,7,25,5,17.9,1,3.6,1,3.6,8,25,18,56.3,5,15.6,0,0,1,3.1,10,17.2,7,25,9,14.8,6,18.8
1819,61,0051,Students with Disabilities,Subgroups,80,62.5,22,17.2,20,15.6,5,3.9,1,0.8,75,58.6,24,18.8,19,14.8,10,7.8,0,0,10,20,17,34,14,28,7,14,2,4,15,41.7,13,36.1,4,11.1,3,8.3,1,2.8,26,20.3,23,46,29,22.7,8,22.2
1819,61,0060,Students with Disabilities,Subgroups,26,49.1,10,18.9,11,20.8,6,11.3,0,0,26,50,8,15.4,14,26.9,3,5.8,1,1.9,*,*,*,*,*,*,*,*,*,*,*,*,*,*,*,*,*,*,*,*,17,32.1,*,*,18,34.6,*,*
1819,61,0089,Students with Disabilities,Subgroups,27,40.3,24,35.8,9,13.4,7,10.4,0,0,31,46.3,14,20.9,15,22.4,5,7.5,2,3,*,*,*,*,*,*,*,*,*,*,18,62.1,5,17.2,3,10.3,3,10.3,0,0,16,23.9,*,*,22,32.8,6,20.7
1819,61,0091,Students with Disabilities,Subgroups,40,50,16,20,18,22.5,6,7.5,0,0,38,44.2,21,24.4,19,22.1,7,8.1,1,1.2,5,18.5,11,40.7,5,18.5,4,14.8,2,7.4,12,40,6,20,9,30,2,6.7,1,3.3,24,30,11,40.7,27,31.4,12,40
1819,61,7023,Students with Disabilities,Subgroups,*,*,*,*,*,*,*,*,*,*,*,*,*,*,*,*,*,*,*,*,*,*,*,*,*,*,*,*,*,*,*,*,*,*,*,*,*,*,*,*,*,*,*,*,*,*,*,*
1819,61,9003,Students with Disabilities,Subgroups,*,*,*,*,*,*,*,*,*,*,*,*,*,*,*,*,*,*,*,*,*,*,*,*,*,*,*,*,*,*,*,*,*,*,*,*,*,*,*,*,*,*,*,*,*,*,*,*
1819,61,0000,Multiracial,Race,27,22.9,36,30.5,26,22,25,21.2,4,3.4,39,32.8,31,26.1,28,23.5,17,14.3,4,3.4,3,13.6,9,40.9,3,13.6,3,13.6,4,18.2,7,14.9,23,48.9,13,27.7,0,0,4,8.5,55,46.6,10,45.5,49,41.2,17,36.2
1819,61,0011,Multiracial,Race,*,*,*,*,*,*,*,*,*,*,*,*,*,*,*,*,*,*,*,*,*,*,*,*,*,*,*,*,*,*,*,*,*,*,*,*,*,*,*,*,*,*,*,*,*,*,*,*
1819,61,0042,Multiracial,Race,8,28.6,7,25,8,28.6,5,17.9,0,0,7,25,7,25,9,32.1,5,17.9,0,0,*,*,*,*,*,*,*,*,*,*,3,17.6,7,41.2,6,35.3,0,0,1,5.9,13,46.4,*,*,14,50,7,41.2
1819,61,0043,Multiracial,Race,4,36.4,4,36.4,1,9.1,1,9.1,1,9.1,5,38.5,3,23.1,5,38.5,0,0,0,0,1,10,4,40,1,10,1,10,3,30,*,*,*,*,*,*,*,*,*,*,3,27.3,5,50,5,38.5,*,*
1819,61,0051,Multiracial,Race,7,22.6,11,35.5,7,22.6,4,12.9,2,6.5,13,41.9,10,32.3,4,12.9,1,3.2,3,9.7,*,*,*,*,*,*,*,*,*,*,1,8.3,6,50,4,33.3,0,0,1,8.3,13,41.9,*,*,8,25.8,5,41.7
1819,61,0060,Multiracial,Race,3,18.8,4,25,2,12.5,7,43.8,0,0,5,31.3,3,18.8,4,25,4,25,0,0,*,*,*,*,*,*,*,*,*,*,*,*,*,*,*,*,*,*,*,*,9,56.3,*,*,8,50,*,*
1819,61,0089,Multiracial,Race,3,18.8,6,37.5,3,18.8,4,25,0,0,6,37.5,5,31.3,1,6.3,3,18.8,1,6.3,*,*,*,*,*,*,*,*,*,*,*,*,*,*,*,*,*,*,*,*,7,43.8,*,*,5,31.3,*,*
1819,61,0091,Multiracial,Race,1,7.7,4,30.8,5,38.5,2,15.4,1,7.7,2,16.7,3,25,4,33.3,3,25,0,0,*,*,*,*,*,*,*,*,*,*,*,*,*,*,*,*,*,*,*,*,8,61.5,*,*,7,58.3,*,*
1819,61,7023,Multiracial,Race,*,*,*,*,*,*,*,*,*,*,*,*,*,*,*,*,*,*,*,*,*,*,*,*,*,*,*,*,*,*,*,*,*,*,*,*,*,*,*,*,*,*,*,*,*,*,*,*
1819,61,0000,Military Family Student,Subgroups,3,23.1,2,15.4,5,38.5,3,23.1,0,0,2,15.4,2,15.4,4,30.8,4,30.8,1,7.7,*,*,*,*,*,*,*,*,*,*,*,*,*,*,*,*,*,*,*,*,8,61.5,*,*,9,69.2,*,*
1819,61,0043,Military Family Student,Subgroups,*,*,*,*,*,*,*,*,*,*,*,*,*,*,*,*,*,*,*,*,*,*,*,*,*,*,*,*,*,*,*,*,*,*,*,*,*,*,*,*,*,*,*,*,*,*,*,*
1819,61,0051,Military Family Student,Subgroups,*,*,*,*,*,*,*,*,*,*,*,*,*,*,*,*,*,*,*,*,*,*,*,*,*,*,*,*,*,*,*,*,*,*,*,*,*,*,*,*,*,*,*,*,*,*,*,*
1819,61,0060,Military Family Student,Subgroups,*,*,*,*,*,*,*,*,*,*,*,*,*,*,*,*,*,*,*,*,*,*,*,*,*,*,*,*,*,*,*,*,*,*,*,*,*,*,*,*,*,*,*,*,*,*,*,*
1819,61,0000,Migrant,Subgroups,25,35.2,14,19.7,25,35.2,5,7,2,2.8,22,32.4,19,27.9,21,30.9,5,7.4,1,1.5,1,7.1,4,28.6,3,21.4,3,21.4,3,21.4,6,25,10,41.7,4,16.7,2,8.3,2,8.3,32,45.1,9,64.3,27,39.7,8,33.3
1819,61,0011,Migrant,Subgroups,*,*,*,*,*,*,*,*,*,*,*,*,*,*,*,*,*,*,*,*,*,*,*,*,*,*,*,*,*,*,*,*,*,*,*,*,*,*,*,*,*,*,*,*,*,*,*,*
1819,61,0042,Migrant,Subgroups,4,25,3,18.8,7,43.8,2,12.5,0,0,4,25,3,18.8,8,50,1,6.3,0,0,*,*,*,*,*,*,*,*,*,*,*,*,*,*,*,*,*,*,*,*,9,56.3,*,*,9,56.3,*,*
1819,61,0043,Migrant,Subgroups,5,38.5,0,0,6,46.2,1,7.7,1,7.7,5,50,1,10,3,30,1,10,0,0,*,*,*,*,*,*,*,*,*,*,*,*,*,*,*,*,*,*,*,*,8,61.5,*,*,4,40,*,*
1819,61,0051,Migrant,Subgroups,9,36,7,28,6,24,2,8,1,4,8,32,9,36,5,20,2,8,1,4,1,9.1,3,27.3,3,27.3,2,18.2,2,18.2,*,*,*,*,*,*,*,*,*,*,9,36,7,63.6,8,32,*,*
1819,61,0060,Migrant,Subgroups,*,*,*,*,*,*,*,*,*,*,*,*,*,*,*,*,*,*,*,*,*,*,*,*,*,*,*,*,*,*,*,*,*,*,*,*,*,*,*,*,*,*,*,*,*,*,*,*
1819,61,0089,Migrant,Subgroups,*,*,*,*,*,*,*,*,*,*,*,*,*,*,*,*,*,*,*,*,*,*,*,*,*,*,*,*,*,*,*,*,*,*,*,*,*,*,*,*,*,*,*,*,*,*,*,*
1819,61,0091,Migrant,Subgroups,*,*,*,*,*,*,*,*,*,*,*,*,*,*,*,*,*,*,*,*,*,*,*,*,*,*,*,*,*,*,*,*,*,*,*,*,*,*,*,*,*,*,*,*,*,*,*,*
1819,61,7023,Migrant,Subgroups,*,*,*,*,*,*,*,*,*,*,*,*,*,*,*,*,*,*,*,*,*,*,*,*,*,*,*,*,*,*,*,*,*,*,*,*,*,*,*,*,*,*,*,*,*,*,*,*
1819,61,0000,Male,Gender,520,30.5,436,25.6,371,21.8,276,16.2,101,5.9,499,30.1,353,21.3,442,26.6,256,15.4,109,6.6,58,14.5,73,18.2,111,27.7,74,18.5,85,21.2,120,20,164,27.3,155,25.8,80,13.3,81,13.5,748,43.9,270,67.3,807,48.6,316,52.7
1819,61,0011,Male,Gender,*,*,*,*,*,*,*,*,*,*,*,*,*,*,*,*,*,*,*,*,*,*,*,*,*,*,*,*,*,*,*,*,*,*,*,*,*,*,*,*,*,*,*,*,*,*,*,*
1819,61,0042,Male,Gender,93,28.2,100,30.3,82,24.8,40,12.1,15,4.5,117,35.8,66,20.2,72,22,50,15.3,22,6.7,*,*,*,*,*,*,*,*,*,*,41,26.1,49,31.2,38,24.2,17,10.8,12,7.6,137,41.5,*,*,144,44,67,42.7
1819,61,0043,Male,Gender,100,32.7,66,21.6,57,18.6,58,19,25,8.2,97,34,61,21.4,76,26.7,28,9.8,23,8.1,20,15.2,25,18.9,30,22.7,24,18.2,33,25,21,14.9,33,23.4,40,28.4,14,9.9,33,23.4,140,45.8,87,65.9,127,44.6,87,61.7
1819,61,0051,Male,Gender,181,37.3,116,23.9,103,21.2,64,13.2,21,4.3,149,30.9,115,23.9,130,27,66,13.7,22,4.6,24,13.7,31,17.7,55,31.4,31,17.7,34,19.4,31,20.8,37,24.8,37,24.8,28,18.8,16,10.7,188,38.8,120,68.6,218,45.2,81,54.4
1819,61,0060,Male,Gender,47,25.7,45,24.6,42,23,39,21.3,10,5.5,44,24.2,33,18.1,50,27.5,42,23.1,13,7.1,*,*,*,*,*,*,*,*,*,*,*,*,*,*,*,*,*,*,*,*,91,49.7,*,*,105,57.7,*,*
1819,61,0089,Male,Gender,28,19,41,27.9,36,24.5,31,21.1,11,7.5,36,24.5,27,18.4,41,27.9,34,23.1,9,6.1,*,*,*,*,*,*,*,*,*,*,15,24.6,18,29.5,11,18,8,13.1,9,14.8,78,53.1,*,*,84,57.1,28,45.9
1819,61,0091,Male,Gender,68,27.9,69,28.3,51,20.9,41,16.8,15,6.1,53,23.1,52,22.7,70,30.6,34,14.8,20,8.7,14,14.7,20,21.1,27,28.4,16,16.8,18,18.9,12,12.9,25,26.9,31,33.3,13,14,12,12.9,107,43.9,61,64.2,124,54.1,56,60.2
1819,61,7023,Male,Gender,3,27.3,1,9.1,1,9.1,3,27.3,3,27.3,3,30,1,10,3,30,3,30,0,0,*,*,*,*,*,*,*,*,*,*,*,*,*,*,*,*,*,*,*,*,7,63.6,*,*,6,60,*,*
1819,61,9003,Male,Gender,6,54.5,3,27.3,1,9.1,1,9.1,0,0,6,60,3,30,1,10,0,0,0,0,3,27.3,5,45.5,1,9.1,1,9.1,1,9.1,*,*,*,*,*,*,*,*,*,*,2,18.2,3,27.3,1,10,*,*
1819,61,0000,Homeless,Subgroups,25,30.5,18,22,21,25.6,15,18.3,3,3.7,22,26.2,19,22.6,26,31,13,15.5,4,4.8,3,16.7,4,22.2,6,33.3,2,11.1,3,16.7,4,15.4,7,26.9,11,42.3,2,7.7,2,7.7,39,47.6,11,61.1,43,51.2,15,57.7
1819,61,0042,Homeless,Subgroups,8,38.1,6,28.6,4,19,2,9.5,1,4.8,7,35,5,25,5,25,2,10,1,5,*,*,*,*,*,*,*,*,*,*,3,27.3,1,9.1,6,54.5,1,9.1,0,0,7,33.3,*,*,8,40,7,63.6
1819,61,0043,Homeless,Subgroups,*,*,*,*,*,*,*,*,*,*,4,40,2,20,2,20,2,20,0,0,*,*,*,*,*,*,*,*,*,*,*,*,*,*,*,*,*,*,*,*,*,*,*,*,4,40,*,*
1819,61,0051,Homeless,Subgroups,6,28.6,4,19,5,23.8,6,28.6,0,0,5,25,5,25,7,35,1,5,2,10,*,*,*,*,*,*,*,*,*,*,*,*,*,*,*,*,*,*,*,*,11,52.4,*,*,10,50,*,*
1819,61,0060,Homeless,Subgroups,2,16.7,2,16.7,6,50,1,8.3,1,8.3,2,16.7,4,33.3,3,25,2,16.7,1,8.3,*,*,*,*,*,*,*,*,*,*,*,*,*,*,*,*,*,*,*,*,8,66.7,*,*,6,50,*,*
1819,61,0089,Homeless,Subgroups,2,15.4,2,15.4,3,23.1,6,46.2,0,0,2,15.4,0,0,6,46.2,5,38.5,0,0,*,*,*,*,*,*,*,*,*,*,*,*,*,*,*,*,*,*,*,*,9,69.2,*,*,11,84.6,*,*
1819,61,0091,Homeless,Subgroups,*,*,*,*,*,*,*,*,*,*,*,*,*,*,*,*,*,*,*,*,*,*,*,*,*,*,*,*,*,*,*,*,*,*,*,*,*,*,*,*,*,*,*,*,*,*,*,*
1819,61,0000,Hispanic,Race,171,27.8,165,26.8,165,26.8,86,14,29,4.7,185,30.2,149,24.3,176,28.8,79,12.9,23,3.8,20,15,32,24.1,40,30.1,24,18,17,12.8,49,24,56,27.5,56,27.5,25,12.3,18,8.8,280,45.5,81,60.9,278,45.4,99,48.5
1819,61,0011,Hispanic,Race,*,*,*,*,*,*,*,*,*,*,*,*,*,*,*,*,*,*,*,*,*,*,*,*,*,*,*,*,*,*,*,*,*,*,*,*,*,*,*,*,*,*,*,*,*,*,*,*
1819,61,0042,Hispanic,Race,37,26.1,44,31,42,29.6,14,9.9,5,3.5,43,30.7,40,28.6,39,27.9,15,10.7,3,2.1,*,*,*,*,*,*,*,*,*,*,27,38,18,25.4,16,22.5,7,9.9,3,4.2,61,43,*,*,57,40.7,26,36.6
1819,61,0043,Hispanic,Race,26,26.5,21,21.4,26,26.5,19,19.4,6,6.1,37,35.9,25,24.3,27,26.2,9,8.7,5,4.9,10,21.3,9,19.1,10,21.3,11,23.4,7,14.9,6,14.6,8,19.5,12,29.3,4,9.8,11,26.8,51,52,28,59.6,41,39.8,27,65.9
1819,61,0051,Hispanic,Race,65,33.3,51,26.2,48,24.6,20,10.3,11,5.6,61,31.6,52,26.9,51,26.4,23,11.9,6,3.1,7,10.8,16,24.6,25,38.5,7,10.8,10,15.4,10,16.9,19,32.2,17,28.8,10,16.9,3,5.1,79,40.5,42,64.6,80,41.5,30,50.8
1819,61,0060,Hispanic,Race,23,25.8,27,30.3,20,22.5,16,18,3,3.4,26,29.5,14,15.9,25,28.4,19,21.6,4,4.5,*,*,*,*,*,*,*,*,*,*,*,*,*,*,*,*,*,*,*,*,39,43.8,*,*,48,54.5,*,*
1819,61,0089,Hispanic,Race,5,14.3,7,20,14,40,8,22.9,1,2.9,5,14.3,9,25.7,14,40,5,14.3,2,5.7,*,*,*,*,*,*,*,*,*,*,4,33.3,3,25,4,33.3,1,8.3,0,0,23,65.7,*,*,21,60,5,41.7
1819,61,0091,Hispanic,Race,13,25,14,26.9,14,26.9,8,15.4,3,5.8,9,18.8,9,18.8,20,41.7,7,14.6,3,6.3,2,11.1,8,44.4,4,22.2,4,22.2,0,0,1,5.3,7,36.8,7,36.8,3,15.8,1,5.3,25,48.1,8,44.4,30,62.5,11,57.9
1819,61,7023,Hispanic,Race,*,*,*,*,*,*,*,*,*,*,*,*,*,*,*,*,*,*,*,*,*,*,*,*,*,*,*,*,*,*,*,*,*,*,*,*,*,*,*,*,*,*,*,*,*,*,*,*
1819,61,9003,Hispanic,Race,*,*,*,*,*,*,*,*,*,*,*,*,*,*,*,*,*,*,*,*,*,*,*,*,*,*,*,*,*,*,*,*,*,*,*,*,*,*,*,*,*,*,*,*,*,*,*,*
1819,61,0000,Female,Gender,304,18.7,415,25.6,450,27.7,334,20.6,120,7.4,423,26.4,372,23.2,476,29.7,230,14.3,104,6.5,36,11.2,70,21.7,98,30.4,77,23.9,41,12.7,102,17.4,161,27.5,185,31.6,70,11.9,68,11.6,904,55.7,216,67.1,810,50.5,323,55.1
1819,61,0011,Female,Gender,*,*,*,*,*,*,*,*,*,*,*,*,*,*,*,*,*,*,*,*,*,*,*,*,*,*,*,*,*,*,*,*,*,*,*,*,*,*,*,*,*,*,*,*,*,*,*,*
1819,61,0042,Female,Gender,72,21.8,86,26.1,91,27.6,66,20,15,4.5,111,33.7,70,21.3,90,27.4,42,12.8,16,4.9,*,*,*,*,*,*,*,*,*,*,52,30.1,47,27.2,50,28.9,16,9.2,8,4.6,172,52.1,*,*,148,45,74,42.8
1819,61,0043,Female,Gender,53,20.2,67,25.6,71,27.1,55,21,16,6.1,84,30.8,62,22.7,96,35.2,22,8.1,9,3.3,21,17.9,26,22.2,31,26.5,30,25.6,9,7.7,11,8.9,34,27.4,42,33.9,15,12.1,22,17.7,142,54.2,70,59.8,127,46.5,79,63.7
1819,61,0051,Female,Gender,91,19.5,131,28.1,131,28.1,80,17.1,34,7.3,126,27,129,27.7,127,27.3,61,13.1,23,4.9,8,5.6,28,19.6,46,32.2,38,26.6,23,16.1,20,13.5,48,32.4,42,28.4,22,14.9,16,10.8,245,52.5,107,74.8,211,45.3,80,54.1
1819,61,0060,Female,Gender,27,16.9,41,25.6,46,28.7,35,21.9,11,6.9,30,18.9,28,17.6,53,33.3,29,18.2,19,11.9,*,*,*,*,*,*,*,*,*,*,*,*,*,*,*,*,*,*,*,*,92,57.5,*,*,101,63.5,*,*
1819,61,0089,Female,Gender,17,10.5,40,24.7,46,28.4,42,25.9,17,10.5,23,14.2,35,21.6,54,33.3,32,19.8,18,11.1,*,*,*,*,*,*,*,*,*,*,11,22.4,9,18.4,17,34.7,7,14.3,5,10.2,105,64.8,*,*,104,64.2,29,59.2
1819,61,0091,Female,Gender,37,16.2,50,21.9,62,27.2,53,23.2,26,11.4,41,20.1,47,23,56,27.5,41,20.1,19,9.3,7,11.7,15,25,20,33.3,10,16.7,8,13.3,8,9.1,20,22.7,34,38.6,10,11.4,16,18.2,141,61.8,38,63.3,116,56.9,60,68.2
1819,61,7023,Female,Gender,5,45.5,0,0,2,18.2,3,27.3,1,9.1,7,70,0,0,1,10,2,20,0,0,*,*,*,*,*,*,*,*,*,*,*,*,*,*,*,*,*,*,*,*,6,54.5,*,*,3,30,*,*
1819,61,9003,Female,Gender,*,*,*,*,*,*,*,*,*,*,*,*,*,*,*,*,*,*,*,*,*,*,*,*,*,*,*,*,*,*,*,*,*,*,*,*,*,*,*,*,*,*,*,*,*,*,*,*
1819,61,0000,English Language Learners,Subgroups,86,40.2,69,32.2,48,22.4,10,4.7,1,0.5,85,40.3,52,24.6,55,26.1,17,8.1,2,0.9,7,30.4,8,34.8,5,21.7,2,8.7,1,4.3,30,44.8,29,43.3,6,9,2,3,0,0,59,27.6,8,34.8,74,35.1,8,11.9
1819,61,0011,English Language Learners,Subgroups,*,*,*,*,*,*,*,*,*,*,*,*,*,*,*,*,*,*,*,*,*,*,*,*,*,*,*,*,*,*,*,*,*,*,*,*,*,*,*,*,*,*,*,*,*,*,*,*
1819,61,0042,English Language Learners,Subgroups,15,23.8,22,34.9,20,31.7,5,7.9,1,1.6,21,33.9,19,30.6,16,25.8,5,8.1,1,1.6,*,*,*,*,*,*,*,*,*,*,17,53.1,11,34.4,3,9.4,1,3.1,0,0,26,41.3,*,*,22,35.5,4,12.5
1819,61,0043,English Language Learners,Subgroups,16,76.2,3,14.3,2,9.5,0,0,0,0,11,57.9,3,15.8,4,21.1,0,0,1,5.3,*,*,*,*,*,*,*,*,*,*,3,30,5,50,1,10,1,10,0,0,2,9.5,*,*,5,26.3,2,20
1819,61,0051,English Language Learners,Subgroups,30,55.6,17,31.5,6,11.1,1,1.9,0,0,27,50,15,27.8,10,18.5,2,3.7,0,0,3,25,3,25,5,41.7,0,0,1,8.3,6,37.5,9,56.3,1,6.3,0,0,0,0,7,13,6,50,12,22.2,1,6.3
1819,61,0060,English Language Learners,Subgroups,15,34.1,20,45.5,7,15.9,2,4.5,0,0,14,32.6,8,18.6,15,34.9,6,14,0,0,*,*,*,*,*,*,*,*,*,*,*,*,*,*,*,*,*,*,*,*,9,20.5,*,*,21,48.8,*,*
1819,61,0089,English Language Learners,Subgroups,5,23.8,4,19,10,47.6,2,9.5,0,0,6,28.6,6,28.6,6,28.6,3,14.3,0,0,*,*,*,*,*,*,*,*,*,*,*,*,*,*,*,*,*,*,*,*,12,57.1,*,*,9,42.9,*,*
1819,61,0091,English Language Learners,Subgroups,4,40,3,30,3,30,0,0,0,0,5,45.5,1,9.1,4,36.4,1,9.1,0,0,*,*,*,*,*,*,*,*,*,*,*,*,*,*,*,*,*,*,*,*,3,30,*,*,5,45.5,*,*
1819,61,7023,English Language Learners,Subgroups,*,*,*,*,*,*,*,*,*,*,*,*,*,*,*,*,*,*,*,*,*,*,*,*,*,*,*,*,*,*,*,*,*,*,*,*,*,*,*,*,*,*,*,*,*,*,*,*
1819,61,0000,Economically Disadvantaged,Subgroups,584,29.6,555,28.2,471,23.9,287,14.6,73,3.7,642,33.4,450,23.4,524,27.2,234,12.2,74,3.8,54,14.9,91,25.1,116,32,60,16.5,42,11.6,152,23.2,210,32,176,26.8,70,10.7,48,7.3,831,42.2,218,60.1,832,43.2,294,44.8
1819,61,0011,Economically Disadvantaged,Subgroups,*,*,*,*,*,*,*,*,*,*,*,*,*,*,*,*,*,*,*,*,*,*,*,*,*,*,*,*,*,*,*,*,*,*,*,*,*,*,*,*,*,*,*,*,*,*,*,*
1819,61,0042,Economically Disadvantaged,Subgroups,131,29.4,140,31.5,109,24.5,54,12.1,11,2.5,184,41.7,88,20,103,23.4,51,11.6,15,3.4,*,*,*,*,*,*,*,*,*,*,71,32.7,68,31.3,53,24.4,16,7.4,9,4.1,174,39.1,*,*,169,38.3,78,35.9
1819,61,0043,Economically Disadvantaged,Subgroups,102,37.2,67,24.5,54,19.7,41,15,10,3.6,101,40.2,59,23.5,62,24.7,20,8,9,3.6,19,20.2,21,22.3,28,29.8,14,14.9,12,12.8,20,16.7,41,34.2,33,27.5,10,8.3,16,13.3,105,38.3,54,57.4,91,36.3,59,49.2
1819,61,0051,Economically Disadvantaged,Subgroups,183,31.9,168,29.3,136,23.7,67,11.7,20,3.5,191,33.7,161,28.4,145,25.6,52,9.2,18,3.2,22,11.8,45,24.1,63,33.7,35,18.7,22,11.8,30,17.8,55,32.5,42,24.9,29,17.2,13,7.7,223,38.9,120,64.2,215,37.9,84,49.7
1819,61,0060,Economically Disadvantaged,Subgroups,58,24.3,67,28,62,25.9,44,18.4,8,3.3,58,24.4,49,20.6,79,33.2,39,16.4,13,5.5,*,*,*,*,*,*,*,*,*,*,*,*,*,*,*,*,*,*,*,*,114,47.7,*,*,131,55,*,*
1819,61,0089,Economically Disadvantaged,Subgroups,37,18.8,56,28.4,55,27.9,39,19.8,10,5.1,47,23.9,40,20.3,61,31,41,20.8,8,4.1,*,*,*,*,*,*,*,*,*,*,19,27.9,22,32.4,18,26.5,5,7.4,4,5.9,104,52.8,*,*,110,55.8,27,39.7
1819,61,0091,Economically Disadvantaged,Subgroups,68,29.1,57,24.4,53,22.6,42,17.9,14,6,57,25.4,53,23.7,72,32.1,31,13.8,11,4.9,12,15.2,25,31.6,24,30.4,10,12.7,8,10.1,12,14.8,23,28.4,30,37,10,12.3,6,7.4,109,46.6,42,53.2,114,50.9,46,56.8
1819,61,9003,Economically Disadvantaged,Subgroups,*,*,*,*,*,*,*,*,*,*,*,*,*,*,*,*,*,*,*,*,*,*,*,*,*,*,*,*,*,*,*,*,*,*,*,*,*,*,*,*,*,*,*,*,*,*,*,*
1819,61,0000,Black/African American,Race,208,42.2,147,29.8,105,21.3,29,5.9,4,0.8,248,49.6,121,24.2,102,20.4,25,5,4,0.8,26,21.5,32,26.4,35,28.9,19,15.7,9,7.4,66,36.5,63,34.8,36,19.9,13,7.2,3,1.7,138,28,63,52.1,131,26.2,52,28.7
1819,61,0042,Black/African American,Race,52,37.7,54,39.1,26,18.8,5,3.6,1,0.7,82,59.9,25,18.2,24,17.5,5,3.6,1,0.7,*,*,*,*,*,*,*,*,*,*,28,40.6,30,43.5,8,11.6,2,2.9,1,1.4,32,23.2,*,*,30,21.9,11,15.9
1819,61,0043,Black/African American,Race,48,49,25,25.5,19,19.4,5,5.1,1,1,58,55.8,23,22.1,20,19.2,1,1,2,1.9,16,30.2,15,28.3,13,24.5,6,11.3,3,5.7,13,24.5,16,30.2,16,30.2,6,11.3,2,3.8,25,25.5,22,41.5,23,22.1,24,45.3
1819,61,0051,Black/African American,Race,78,43.3,49,27.2,41,22.8,11,6.1,1,0.6,80,44.7,54,30.2,33,18.4,12,6.7,0,0,10,15.2,17,25.8,20,30.3,13,19.7,6,9.1,23,42.6,16,29.6,11,20.4,4,7.4,0,0,53,29.4,39,59.1,45,25.1,15,27.8
1819,61,0060,Black/African American,Race,22,37.3,14,23.7,16,27.1,6,10.2,1,1.7,18,30.5,15,25.4,18,30.5,7,11.9,1,1.7,*,*,*,*,*,*,*,*,*,*,*,*,*,*,*,*,*,*,*,*,23,39,*,*,26,44.1,*,*
1819,61,0089,Black/African American,Race,*,*,*,*,*,*,*,*,*,*,*,*,*,*,*,*,*,*,*,*,*,*,*,*,*,*,*,*,*,*,*,*,*,*,*,*,*,*,*,*,*,*,*,*,*,*,*,*
1819,61,0091,Black/African American,Race,7,58.3,2,16.7,2,16.7,1,8.3,0,0,9,56.3,2,12.5,5,31.3,0,0,0,0,*,*,*,*,*,*,*,*,*,*,*,*,*,*,*,*,*,*,*,*,3,25,*,*,5,31.3,*,*
1819,61,9003,Black/African American,Race,*,*,*,*,*,*,*,*,*,*,*,*,*,*,*,*,*,*,*,*,*,*,*,*,*,*,*,*,*,*,*,*,*,*,*,*,*,*,*,*,*,*,*,*,*,*,*,*
1819,61,0000,Asian,Race,2,15.4,5,38.5,2,15.4,1,7.7,3,23.1,1,8.3,2,16.7,3,25,3,25,3,25,*,*,*,*,*,*,*,*,*,*,*,*,*,*,*,*,*,*,*,*,6,46.2,*,*,9,75,*,*
1819,61,0011,Asian,Race,*,*,*,*,*,*,*,*,*,*,*,*,*,*,*,*,*,*,*,*,*,*,*,*,*,*,*,*,*,*,*,*,*,*,*,*,*,*,*,*,*,*,*,*,*,*,*,*
1819,61,0042,Asian,Race,*,*,*,*,*,*,*,*,*,*,*,*,*,*,*,*,*,*,*,*,*,*,*,*,*,*,*,*,*,*,*,*,*,*,*,*,*,*,*,*,*,*,*,*,*,*,*,*
1819,61,0043,Asian,Race,*,*,*,*,*,*,*,*,*,*,*,*,*,*,*,*,*,*,*,*,*,*,*,*,*,*,*,*,*,*,*,*,*,*,*,*,*,*,*,*,*,*,*,*,*,*,*,*
1819,61,0051,Asian,Race,*,*,*,*,*,*,*,*,*,*,*,*,*,*,*,*,*,*,*,*,*,*,*,*,*,*,*,*,*,*,*,*,*,*,*,*,*,*,*,*,*,*,*,*,*,*,*,*
1819,61,0060,Asian,Race,*,*,*,*,*,*,*,*,*,*,*,*,*,*,*,*,*,*,*,*,*,*,*,*,*,*,*,*,*,*,*,*,*,*,*,*,*,*,*,*,*,*,*,*,*,*,*,*
1819,61,0000,American Indian/Alaskan Native,Race,*,*,*,*,*,*,*,*,*,*,*,*,*,*,*,*,*,*,*,*,*,*,*,*,*,*,*,*,*,*,*,*,*,*,*,*,*,*,*,*,*,*,*,*,*,*,*,*
1819,61,0042,American Indian/Alaskan Native,Race,*,*,*,*,*,*,*,*,*,*,*,*,*,*,*,*,*,*,*,*,*,*,*,*,*,*,*,*,*,*,*,*,*,*,*,*,*,*,*,*,*,*,*,*,*,*,*,*
1819,61,0043,American Indian/Alaskan Native,Race,*,*,*,*,*,*,*,*,*,*,*,*,*,*,*,*,*,*,*,*,*,*,*,*,*,*,*,*,*,*,*,*,*,*,*,*,*,*,*,*,*,*,*,*,*,*,*,*
1819,61,0051,American Indian/Alaskan Native,Race,*,*,*,*,*,*,*,*,*,*,*,*,*,*,*,*,*,*,*,*,*,*,*,*,*,*,*,*,*,*,*,*,*,*,*,*,*,*,*,*,*,*,*,*,*,*,*,*
1819,61,0060,American Indian/Alaskan Native,Race,*,*,*,*,*,*,*,*,*,*,*,*,*,*,*,*,*,*,*,*,*,*,*,*,*,*,*,*,*,*,*,*,*,*,*,*,*,*,*,*,*,*,*,*,*,*,*,*
1819,61,0011,American Indian/Alaskan Native,Race,*,*,*,*,*,*,*,*,*,*,*,*,*,*,*,*,*,*,*,*,*,*,*,*,*,*,*,*,*,*,*,*,*,*,*,*,*,*,*,*,*,*,*,*,*,*,*,*
1819,61,0089,American Indian/Alaskan Native,Race,*,*,*,*,*,*,*,*,*,*,*,*,*,*,*,*,*,*,*,*,*,*,*,*,*,*,*,*,*,*,*,*,*,*,*,*,*,*,*,*,*,*,*,*,*,*,*,*
1819,61,0091,American Indian/Alaskan Native,Race,*,*,*,*,*,*,*,*,*,*,*,*,*,*,*,*,*,*,*,*,*,*,*,*,*,*,*,*,*,*,*,*,*,*,*,*,*,*,*,*,*,*,*,*,*,*,*,*
1819,61,7023,American Indian/Alaskan Native,Race,*,*,*,*,*,*,*,*,*,*,*,*,*,*,*,*,*,*,*,*,*,*,*,*,*,*,*,*,*,*,*,*,*,*,*,*,*,*,*,*,*,*,*,*,*,*,*,*
1819,61,9003,American Indian/Alaskan Native,Race,*,*,*,*,*,*,*,*,*,*,*,*,*,*,*,*,*,*,*,*,*,*,*,*,*,*,*,*,*,*,*,*,*,*,*,*,*,*,*,*,*,*,*,*,*,*,*,*
1819,61,0089,Asian,Race,*,*,*,*,*,*,*,*,*,*,*,*,*,*,*,*,*,*,*,*,*,*,*,*,*,*,*,*,*,*,*,*,*,*,*,*,*,*,*,*,*,*,*,*,*,*,*,*
1819,61,0091,Asian,Race,*,*,*,*,*,*,*,*,*,*,*,*,*,*,*,*,*,*,*,*,*,*,*,*,*,*,*,*,*,*,*,*,*,*,*,*,*,*,*,*,*,*,*,*,*,*,*,*
1819,61,7023,Asian,Race,*,*,*,*,*,*,*,*,*,*,*,*,*,*,*,*,*,*,*,*,*,*,*,*,*,*,*,*,*,*,*,*,*,*,*,*,*,*,*,*,*,*,*,*,*,*,*,*
1819,61,9003,Asian,Race,*,*,*,*,*,*,*,*,*,*,*,*,*,*,*,*,*,*,*,*,*,*,*,*,*,*,*,*,*,*,*,*,*,*,*,*,*,*,*,*,*,*,*,*,*,*,*,*
1819,61,0011,Black/African American,Race,*,*,*,*,*,*,*,*,*,*,*,*,*,*,*,*,*,*,*,*,*,*,*,*,*,*,*,*,*,*,*,*,*,*,*,*,*,*,*,*,*,*,*,*,*,*,*,*
1819,61,7023,Black/African American,Race,*,*,*,*,*,*,*,*,*,*,*,*,*,*,*,*,*,*,*,*,*,*,*,*,*,*,*,*,*,*,*,*,*,*,*,*,*,*,*,*,*,*,*,*,*,*,*,*
1819,61,9003,Multiracial,Race,*,*,*,*,*,*,*,*,*,*,*,*,*,*,*,*,*,*,*,*,*,*,*,*,*,*,*,*,*,*,*,*,*,*,*,*,*,*,*,*,*,*,*,*,*,*,*,*
1819,61,0000,Native Hawaiian/Other Pacific Islander,Race,*,*,*,*,*,*,*,*,*,*,*,*,*,*,*,*,*,*,*,*,*,*,*,*,*,*,*,*,*,*,*,*,*,*,*,*,*,*,*,*,*,*,*,*,*,*,*,*
1819,61,0011,Native Hawaiian/Other Pacific Islander,Race,*,*,*,*,*,*,*,*,*,*,*,*,*,*,*,*,*,*,*,*,*,*,*,*,*,*,*,*,*,*,*,*,*,*,*,*,*,*,*,*,*,*,*,*,*,*,*,*
1819,61,0042,Native Hawaiian/Other Pacific Islander,Race,*,*,*,*,*,*,*,*,*,*,*,*,*,*,*,*,*,*,*,*,*,*,*,*,*,*,*,*,*,*,*,*,*,*,*,*,*,*,*,*,*,*,*,*,*,*,*,*
1819,61,0043,Native Hawaiian/Other Pacific Islander,Race,*,*,*,*,*,*,*,*,*,*,*,*,*,*,*,*,*,*,*,*,*,*,*,*,*,*,*,*,*,*,*,*,*,*,*,*,*,*,*,*,*,*,*,*,*,*,*,*
1819,61,0051,Native Hawaiian/Other Pacific Islander,Race,*,*,*,*,*,*,*,*,*,*,*,*,*,*,*,*,*,*,*,*,*,*,*,*,*,*,*,*,*,*,*,*,*,*,*,*,*,*,*,*,*,*,*,*,*,*,*,*
1819,61,0060,Native Hawaiian/Other Pacific Islander,Race,*,*,*,*,*,*,*,*,*,*,*,*,*,*,*,*,*,*,*,*,*,*,*,*,*,*,*,*,*,*,*,*,*,*,*,*,*,*,*,*,*,*,*,*,*,*,*,*
1819,61,0089,Native Hawaiian/Other Pacific Islander,Race,*,*,*,*,*,*,*,*,*,*,*,*,*,*,*,*,*,*,*,*,*,*,*,*,*,*,*,*,*,*,*,*,*,*,*,*,*,*,*,*,*,*,*,*,*,*,*,*
1819,61,0091,Native Hawaiian/Other Pacific Islander,Race,*,*,*,*,*,*,*,*,*,*,*,*,*,*,*,*,*,*,*,*,*,*,*,*,*,*,*,*,*,*,*,*,*,*,*,*,*,*,*,*,*,*,*,*,*,*,*,*
1819,61,7023,Native Hawaiian/Other Pacific Islander,Race,*,*,*,*,*,*,*,*,*,*,*,*,*,*,*,*,*,*,*,*,*,*,*,*,*,*,*,*,*,*,*,*,*,*,*,*,*,*,*,*,*,*,*,*,*,*,*,*
1819,61,9003,Native Hawaiian/Other Pacific Islander,Race,*,*,*,*,*,*,*,*,*,*,*,*,*,*,*,*,*,*,*,*,*,*,*,*,*,*,*,*,*,*,*,*,*,*,*,*,*,*,*,*,*,*,*,*,*,*,*,*
1819,61,0011,White,Race,*,*,*,*,*,*,*,*,*,*,*,*,*,*,*,*,*,*,*,*,*,*,*,*,*,*,*,*,*,*,*,*,*,*,*,*,*,*,*,*,*,*,*,*,*,*,*,*
1819,61,7023,Economically Disadvantaged,Subgroups,*,*,*,*,*,*,*,*,*,*,*,*,*,*,*,*,*,*,*,*,*,*,*,*,*,*,*,*,*,*,*,*,*,*,*,*,*,*,*,*,*,*,*,*,*,*,*,*
1819,61,9003,English Language Learners,Subgroups,*,*,*,*,*,*,*,*,*,*,*,*,*,*,*,*,*,*,*,*,*,*,*,*,*,*,*,*,*,*,*,*,*,*,*,*,*,*,*,*,*,*,*,*,*,*,*,*
1819,61,0000,Foster,Subgroups,*,*,*,*,*,*,*,*,*,*,*,*,*,*,*,*,*,*,*,*,*,*,*,*,*,*,*,*,*,*,*,*,*,*,*,*,*,*,*,*,*,*,*,*,*,*,*,*
1819,61,0011,Foster,Subgroups,*,*,*,*,*,*,*,*,*,*,*,*,*,*,*,*,*,*,*,*,*,*,*,*,*,*,*,*,*,*,*,*,*,*,*,*,*,*,*,*,*,*,*,*,*,*,*,*
1819,61,0042,Foster,Subgroups,*,*,*,*,*,*,*,*,*,*,*,*,*,*,*,*,*,*,*,*,*,*,*,*,*,*,*,*,*,*,*,*,*,*,*,*,*,*,*,*,*,*,*,*,*,*,*,*
1819,61,0043,Foster,Subgroups,*,*,*,*,*,*,*,*,*,*,*,*,*,*,*,*,*,*,*,*,*,*,*,*,*,*,*,*,*,*,*,*,*,*,*,*,*,*,*,*,*,*,*,*,*,*,*,*
1819,61,0051,Foster,Subgroups,*,*,*,*,*,*,*,*,*,*,*,*,*,*,*,*,*,*,*,*,*,*,*,*,*,*,*,*,*,*,*,*,*,*,*,*,*,*,*,*,*,*,*,*,*,*,*,*
1819,61,0060,Foster,Subgroups,*,*,*,*,*,*,*,*,*,*,*,*,*,*,*,*,*,*,*,*,*,*,*,*,*,*,*,*,*,*,*,*,*,*,*,*,*,*,*,*,*,*,*,*,*,*,*,*
1819,61,0089,Foster,Subgroups,*,*,*,*,*,*,*,*,*,*,*,*,*,*,*,*,*,*,*,*,*,*,*,*,*,*,*,*,*,*,*,*,*,*,*,*,*,*,*,*,*,*,*,*,*,*,*,*
1819,61,0091,Foster,Subgroups,*,*,*,*,*,*,*,*,*,*,*,*,*,*,*,*,*,*,*,*,*,*,*,*,*,*,*,*,*,*,*,*,*,*,*,*,*,*,*,*,*,*,*,*,*,*,*,*
1819,61,7023,Foster,Subgroups,*,*,*,*,*,*,*,*,*,*,*,*,*,*,*,*,*,*,*,*,*,*,*,*,*,*,*,*,*,*,*,*,*,*,*,*,*,*,*,*,*,*,*,*,*,*,*,*
1819,61,9003,Foster,Subgroups,*,*,*,*,*,*,*,*,*,*,*,*,*,*,*,*,*,*,*,*,*,*,*,*,*,*,*,*,*,*,*,*,*,*,*,*,*,*,*,*,*,*,*,*,*,*,*,*
1819,61,0011,Homeless,Subgroups,*,*,*,*,*,*,*,*,*,*,*,*,*,*,*,*,*,*,*,*,*,*,*,*,*,*,*,*,*,*,*,*,*,*,*,*,*,*,*,*,*,*,*,*,*,*,*,*
1819,61,7023,Homeless,Subgroups,*,*,*,*,*,*,*,*,*,*,*,*,*,*,*,*,*,*,*,*,*,*,*,*,*,*,*,*,*,*,*,*,*,*,*,*,*,*,*,*,*,*,*,*,*,*,*,*
1819,61,9003,Homeless,Subgroups,*,*,*,*,*,*,*,*,*,*,*,*,*,*,*,*,*,*,*,*,*,*,*,*,*,*,*,*,*,*,*,*,*,*,*,*,*,*,*,*,*,*,*,*,*,*,*,*
1819,61,9003,Migrant,Subgroups,*,*,*,*,*,*,*,*,*,*,*,*,*,*,*,*,*,*,*,*,*,*,*,*,*,*,*,*,*,*,*,*,*,*,*,*,*,*,*,*,*,*,*,*,*,*,*,*
1819,61,0011,Military Family Student,Subgroups,*,*,*,*,*,*,*,*,*,*,*,*,*,*,*,*,*,*,*,*,*,*,*,*,*,*,*,*,*,*,*,*,*,*,*,*,*,*,*,*,*,*,*,*,*,*,*,*
1819,61,0042,Military Family Student,Subgroups,*,*,*,*,*,*,*,*,*,*,*,*,*,*,*,*,*,*,*,*,*,*,*,*,*,*,*,*,*,*,*,*,*,*,*,*,*,*,*,*,*,*,*,*,*,*,*,*
1819,61,0089,Military Family Student,Subgroups,*,*,*,*,*,*,*,*,*,*,*,*,*,*,*,*,*,*,*,*,*,*,*,*,*,*,*,*,*,*,*,*,*,*,*,*,*,*,*,*,*,*,*,*,*,*,*,*
1819,61,0091,Military Family Student,Subgroups,*,*,*,*,*,*,*,*,*,*,*,*,*,*,*,*,*,*,*,*,*,*,*,*,*,*,*,*,*,*,*,*,*,*,*,*,*,*,*,*,*,*,*,*,*,*,*,*
1819,61,7023,Military Family Student,Subgroups,*,*,*,*,*,*,*,*,*,*,*,*,*,*,*,*,*,*,*,*,*,*,*,*,*,*,*,*,*,*,*,*,*,*,*,*,*,*,*,*,*,*,*,*,*,*,*,*
1819,61,9003,Military Family Student,Subgroups,*,*,*,*,*,*,*,*,*,*,*,*,*,*,*,*,*,*,*,*,*,*,*,*,*,*,*,*,*,*,*,*,*,*,*,*,*,*,*,*,*,*,*,*,*,*,*,*
1819,61,0011,Students with Disabilities,Subgroups,*,*,*,*,*,*,*,*,*,*,*,*,*,*,*,*,*,*,*,*,*,*,*,*,*,*,*,*,*,*,*,*,*,*,*,*,*,*,*,*,*,*,*,*,*,*,*,*
